Authors;Title;Series;Categories;Published date;Publisher;Pages;ISBN;Read;Reading periods;Comments;Summary;Cover path
Aaronovitch, Ben;Die Flüsse von London;Peter Grant (volume 1);;2013;dtv;478;9783423213417;No;;;"Können Sie beweisen, dass sie tot sind?

Peter Grant ist frischgebackener Police Constable, als man ihm einen unerwarteten Karrierevorschlag macht: Er soll Zauberlehrling werden, der erste in England seit fünfzig Jahren. Jetzt muss er sich mit einem Nest von Vampiren
in Purley herumschlagen, einen Waffenstillstand zwischen Themsegott und Themsegöttin aushandeln, Leichen in Covent Garden ausgraben... Alles ziemlich anstrengend. Und der Papierkram!";/MyLibrary/Images/Books/73.png
Aaronovitch, Ben;Ein Wispern unter Baker Street;Peter Grant (volume 3);;2013;dtv;446;9783423214483;No;;;"Mord und Magie im Londoner Untergrund

Sie sind schon mal mit der Londoner U-Bahn gefahren? Und Sie glauben zu wissen, wie es dort unten zugeht? Oh nein. Sie haben keine Ahnung. Lassen Sie sich von Peter Grant, Police Constable und Zauberer in
Ausbildung, erzählen, was man tief unter Baker Street, Southwark oder Oxford Circus alles entdecken kann, wenn man ein Gespür für Magie hat: Vergessene Tunnel, viktorianische
Abwässerkanäle, uralte Künste und
rachsüchtige Geister sind nur der Anfang...";/MyLibrary/Images/Books/74.png
Aaronovitch, Ben;Schwarzer Mond über Soho;Peter Grant (volume 2);;2012;dtv;413;9783423213806;No;;;"An Jazz kann man sterben?

Constable Peter Grant ist ein ganz normaler Londoner Bobby. Die Abteilung, in der er arbeitet, ist allerdings alles andere als normal: Ihr Spezialgebiet ist - die Magie. Eines Abends wird Peter zu der Leiche eines Jazzmusiker gerufen und findet heraus, dass in den Jazzclubs in Soho, im Herzen Londons, verdächtig viele Musiker eines unerwarteten Todes sterben.
Hier geht erwas nicht mit rechten Dingen zu. Oder wie soll man es sonst nennen, wenn eine Leiche unüberhörbar und mit
viel Swing Body and Soul spielt?";/MyLibrary/Images/Books/72.png
Allende, Isabel;Die Stadt der wilden Götter;;;2005;Dtv;376;9783423621915;No;;;;/MyLibrary/Images/Books/161.png
"Arens, Tilo; Busam, Rolf; Hettlich, Frank; Karpfinger, Christian; Stachel, Hellmuth";Grundwissen Mathematikstudium: Analysis und Lineare Algebra mit Querverbindungen;Grundwissen Mathematikstudium (volume 1);Lehrbuch, Mathematik;2013;Springer Spektrum;1172;9783827423085;No;;;"Grundwissen Mathematikstudium

Dieses vierfarbige Lehrbuch wendet sich an Studierende der Mathematik in Bachelor- und
Lehramts-Studiengängen. Es bietet in einem Band ein lebendiges Bild der mathematischen
Inhalte, die üblicherweise im ersten Studienjahr behandelt werden (und etliches mehr).
Mathematik-Studierende finden wichtige Begriffe, Sätze und Beweise ausführlich und mit
vielen Beispielen erklärt und werden an grundlegende Konzepte und Methoden herangeführt.

Im Mittelpunkt stehen das Verständnis der mathematischen Zusammenhänge und des Aufbaus
der Theorie sowie die Strukturen und ldeen wichtiger Sätze und Beweise. Es wird nicht nur ein
in sich geschlossenes Theoriengebaude dargestellt, sondern auch verdeutlicht, wie es entsteht und wozu die Inhalte später benötigt werden.

Herausragende Merkmale sind:
- durchgängig vierfarbiges Layout mit mehr als 600 Abbildungen
- pragnant formulierte Kerngedanken bilden die Abschnittsüberschriften
- Selbsttests in kurzen Abständen ermöglichen Lernkontrollen während des Lesens
- farbige Merkkästen heben das Wichtigste hervor
- ""Unter-der- Lupe"" -Boxen zoomen in Beweise hinein, motivieren und erklären Details
- ""Hintergrund-und- Ausblick""- Boxen stellen Zusammenhänge zu anderen Gebieten und weiterführenden Themen her
- Zusammenfassungen zu jedem Kapitel sowie Übersichtsboxen
- mehr als 400 Verständnisfragen, Rechenaufgaben und Aufgaben zu Beweisen
- deutsch-englisches Symbol- und Begriffsglossar

Der inhaltliche Schwerpunkt liegt auf den Themen der Vorlesungen Analysis 1 und 2 sowie
Linearer Algebra 1 und 2. Behandelt werden darüber hinaus Inhalte und Methodenkompetenzen, die vielerorts im ersten Studienjahr der Mathematikausbildung vermittelt werden. Auf der Website zum Buch www.matheweb.de finden Sie:
- Hinweise, Lösungswege und Ergebnisse zu allen Aufgaben
- Zusatzmaterialien wie Maple- Worksheets zu verschiedenen Themen des Buchs
- die Möglichkeit, zu den Kapiteln Fragen zu stellen

Das Buch wird allen Studierenden der Mathematik vom Beginn des Studiums bis in höhere
Semester hinein ein verlässlicher Begleiter sein.";/MyLibrary/Images/Books/3.png
Barker, Clive;Abarat;;;2006;Heyne;430;9783453532250;No;;;;/MyLibrary/Images/Books/219.png
"Benjamin, Arthur; Shermer, Michael";Mathe-Magie;;;2007;Heyne Verlag;303;9783453615021;No;;;Sammlung von Tricks zum rationellen Kopfrechnen mit Übungsaufgaben und Läsungen.;/MyLibrary/Images/Books/93.png
"Beutelspacher, Albert; Zschiegner, Marac-Alexander";Diskrete Mathematik für Einsteiger: Bachelor und Lehramt;;Mathematik, Lehrbuch;2014;Springer Spektrum;313;9783658057800;No;;;"Diskrete Mathematik für Einsteiger

Dieses Buch eignet sich hervorragend zur selbstständigen Einarbeitung in die Diskrete Mathematik, aber auch als Begleitlektüre zu einer einführenden Vorlesung. Die Diskrete Mathematik ist ein junges Gebiet der Mathematik, das eine Brücke schlägt zwischen Grundlagenfragen und konkreten Anwendungen. Zu den Gebieten der Diskreten Mathematik gehören Codierungstheorie, Kryptographie, Graphentheorie und Netzwerke. Dazu kommen als attraktive Grundlagen Zahlentheorie und Kombinatorik.

Diese Einführung in die Diskrete Mathematik ist leicht verständlich und im gleichen Stil wie die anderen Lehrbücher von Albrecht Beutelspacher geschrieben. Das Buch enthält ausführliche Lösungen zu den über 200 Übungsaufgaben.
Jedes Kapitel schließt mit didaktischen Anmerkungen, in denen sich Vorschläge zum Einsatz im Mathematikunterricht finden.";/MyLibrary/Images/Books/12.png
Blake, Kendare;Die Schwestern;Der schwarze Thron (volume 1);;09/05/2017;Penhaligon Verlag;;9783764531447;No;;;;/MyLibrary/Images/Books/230.png
Blake, Russel;Blutrache;Jet (volume 3);;2017;Luzifer;;9783958352483;No;;;;/MyLibrary/Images/Books/39.png
Blake, Russell;Jet;Jet (volume 1);;09/10/2014;Luzifer;320;97815001761105;No;;;;/MyLibrary/Images/Books/123.png
Blake, Russell;Verraten;Jet (volume 2);;30/10/2015;Luzifer;350;9783958350755;No;;;;/MyLibrary/Images/Books/46.png
Bowden, Oliver;Die Bruderschaft;Assassin's Creed (volume 3);;2011;Panini Books;414;9783833222368;No;;;Das einst so mächtige Rom liegt in Trümmern. In der Stadt herrschen Elend und Zerfall und ihre Bewohner vegetieren im Schatten der mächtigen Borgia-Familie. Die letzte Hoffnung der ewigen Stadt ist nun Ezio Auditore - der Meisterassassine. Doch ihn erwartet ein erbarmungsloser Gegner. Cesare Borgia - ein Mann der noch ruchloser und brutaler vorgeht als sein Vater der Papst -, wird keine Ruhe geben, bevor er nicht ganz Italien unter sein Joch gezwungen hat. In Zeiten wie diesen ist Verschwörung eine alltägliche Waffe - sogar in den Reihen der Bruderschaft der Assassinen.;/MyLibrary/Images/Books/75.png
Bowden, Oliver;Renaissance;Assassin's Creed (volume 2);;2011;Panini Books;412;9783833222351;No;;;"Ich werde Rache üben, an jeden die meine Familie betrogen haben.

Die italienische Renaissance im Jahre des Herrn 1476: Wo Kultur und Kunst direkt neben Bestechung, Gier und Mord gedeihen, wo sich konkurrierende Familien erbarmungslose Blutfehden um politische und wirtschaftliche Macht liefern - hier beginnt die Reise eines von Rache beseelten jungen Adligen, der einst zu
einem Instrument des Todes werden soll - ein einsamer Vollstrecker.

Er folgt dem Weg der Bruderschaft der Assassinen und erlernt die geheimen Fähigkeiten des uralten Attentäter-Ordens. Auf der Jagd nach den Mördern seiner Familie nutzt er die Weisheit groller Geister wie Leonardo Da Vinc und Niccolo Machiavelli, um seine Feinde zur Strecke zu bringen - geleitet nur vom Credo der Assassinen.

Wahrheit wird mit Blut geschrieben";/MyLibrary/Images/Books/76.png
Brett, Peter V.;Das Lied der Dunkelheit;Demon Zyklus (volume 1);;2009;Heyne Verlag;797;9783453524767;No;;;;/MyLibrary/Images/Books/103.png
Brett, Peter V.;Die Flammen der Dämmerung;Demon Zyklus (volume 3);;11/03/2013;Heyne Verlag;;9783453524743;No;;;;/MyLibrary/Images/Books/104.png
Brett, Peter V.;Die Stimmen des Abgrunds;Demon Zyklus (volume 6);Fantasy;10/04/2018;Heyne Verlag;560;9783453319387;Yes;;;Nach Das Leuchten der Magie ist Die Stimmen des Abgrunds der packende zweite Teil des funften Bandes von Peter V. BRetts Damonensaga, der im Original unter dem Titel The Core erschienen ist. DEr letzte Krieg zwischen Menschen und Damonen steht unmittelbar bevor, und die einzige Hoffnung der Menschheit ruht nun auf Arlen, seiner Frau Renna und seinem Rivalen Jardir. DEnn nur, wenn es ihnen gelingt, den Willen eines der machtigen Damonenprinzen zu brechen und ihn zu zwingen, sie in den Abgrund zu fuhren, werden sie die dort herangezuchtete Damonenarmee aufhalten konnen. Aber noch ist der Sieg gegen die Damonen nur ein Traum ...;/MyLibrary/Images/Books/1.png
Brin, David;EXISTENZ;;;08/10/2012;Heyne Verlag;;9783453529939;No;;;;/MyLibrary/Images/Books/98.png
Brown, Dan;Das Verlorene Symbol;Robert Langdon (volume 3);;;Bastei Lübbe;;9783404160006;No;;;;/MyLibrary/Images/Books/192.png
Brown, Dan;Illuminati;Robert Langdon (volume 1);;;Bastei Lübbe;701;9783404148660;No;;;;/MyLibrary/Images/Books/188.png
Brown, Dan;Inferno;Robert Langdon (volume 4);;18/06/2014;Bastei Lübbe;684;9783404169757;No;;;;/MyLibrary/Images/Books/189.png
Brown, Dan;Origin;Robert Langdon (volume 5);Fiction;04/10/2017;Ehrenwirth;;9783431039993;No;;;;/MyLibrary/Images/Books/168.png
Brunnert, Peter;Wir müssen da hoch!;;;2003;;187;3926807989;No;;;;/MyLibrary/Images/Books/25.png
Bryson, Bill;Eine kurze Geschichte von fast Allem;;;;Goldmann;;9783442460717;No;;;;/MyLibrary/Images/Books/86.png
Bryson, Bill;Eine kurze Geschichte von fast allem;;;2008;cbj;169;9783570136133;No;;;Entdeckungen und Entwicklungen aus allen Disziplinen der Naturwissenschaften. Ab 10.;/MyLibrary/Images/Books/204.png
Butcher, Jim;Der erste Fürst;Codex Alera (volume 6);;18/04/2016;Blanvalet;;9783734160929;No;;;;/MyLibrary/Images/Books/102.png
Butcher, Jim;Der erste Fürst;Codex Alera (volume 6);;2012;Blanvalet;759;9783442267897;No;;;Tavi von Calderon, der so lange als magielos verachtet war, sieht sich seiner Bestimmung gegenüber. Denn seine Kräfte sind endlich erwacht, und sie sind grösser als die der mächtigsten Fürsten Aleras. Und das geschah keinen Tag zu früh! Die unmenschlichen Vord fallen mit ihren Horden über Alera her. Nichts scheint sie stoppen zu können. Nur wenn Tavi sein Erbe annimmt, kann er die zerstrittenen Parteien des Reiches einen. Denn für das Überleben von Alera ist es nötig, dass die Mächtigen des Reiches ihr Knie vor ihm beugen - dem neuen Ersten Fürsten von Alera! Neben dem Schreiben gilt Jim Butchers grösste Leidenschaft dem Kampfsport. Der international erfolgreiche Bestsellerautor lebt mit seiner Familie in Missouri, USA.;/MyLibrary/Images/Books/111.png
Butcher, Jim;Im Schatten des Fürsten;Codex Alera (volume 2);;2014;Blanvalet;638;9783442269662;No;;;Zwei Jahre sind seit der gescheiterten lnvasion der Marat vergangen. Und während Tavi dem Ende seiner Ausbildung zum kaiserlichen Spion entgegenfiebert, droht Alera bereits neue Gefahr. Denn ausgerechnet als Kaiser Gaius Sixtus schwer erkrankt und die Mächtigen des Reichs ihre Intrigen vorantreiben, bewegen sich die Furcht erregenden Vord auf die Hauptstadt zu - uralte Schreckensgestalten, für deren Wiedererweckung auch Tavi mitverantwortlich ist.;/MyLibrary/Images/Books/42.png
Butcher, Jim;Windjäger;;;14/03/2016;Blanvalet;;9783734160004;No;;;;/MyLibrary/Images/Books/100.png
"Butcher; Jim";Die Befreier von Canea;Codex Alera (volume 5);;2015;Blanvalet;603;9783734160608;No;;;"Die wolfsähnlichen Canim sind in Alera cingefallen. Doch sie sind selbst Vertriebene, seit die schrecklichen Vord unaufhaltsam immer mehr von ihrer Heimat erobern. Tavi von Calderon, der neu ernannte Erbe des Throns von Alera, fasst einen verzweifelten Plan: Gemeinsam mit den Canim fährt er sein Heer über das Meer, um die
Vond zurückzudrängen und den Canin so eine Rickkehr nach Hause zu ermöglichen. Doch während Tavi und seine Soldaten jenseits des Meeres in einem unerbitlichen Krieg kämpfen, dringen die Vord bereits nach Alera vor.";/MyLibrary/Images/Books/43.png
Canavan, Trudi;Der Wanderer;Die Magie der tausend Welten (volume 2);;2017;Blanvalet;701;9783734160745;No;;;"Für sie durchwandert er tausend Welten. 

Der junge Magier Tyen hat seine Heimat verlassen und durchstreift die tausend Welten auf der Suche nach einer Möglichkeit das magische Buch Pergama zurück in einen Menschen zu verwandeln. Er bittet Valhan, den mächtigsten Magier, den er finden kann, um Hilfe. Doch dieser verlangt eine Gegenleistung: Tyen soll eine Rebellengruppe ausspionieren, die Valhans Herschaft bekämpft. Dann gelingt es den Widerständlern, Valhan zu töten. Tyen kann nicht glauben, dass
all seine Anstrengungen umsonst gewesen sein sollen - und als er einen Hinweis entdeckt, dass Valhan noch lebt, nimmt er dessen Fährte aut ...";/MyLibrary/Images/Books/45.png
Canavan, Trudi;Die Begabte;Die Magie der tausend Welten (volume 1);;15/08/2016;Blanvalet;672;9783734160738;No;;;;/MyLibrary/Images/Books/107.png
Canavan, Trudi;Die Mächtige;Die Magie der tausend Welten (volume 3);;2017;Penhaligon Verlag;704;9783764531072;No;;;"Unendliche Macht erwartet Sie - Ist sie bereit für die Ewigkeit?

Ein Jahrtausend lang lenkte Valhan, der mächtigste aller Magier, die Geschicke der tausend Welten. Doch nun ist er tot, und Chaos greift um sich. Seine natürliche Nachfolgerin ist die junge Magierin Rielle, aber sie sträubt sich, diese Verantwortung zu übernehmen. Ohne ihre Wünsche zu beachten, bekämpfen sich im Hintergrund bereits ihre Unterstützer und ihre Gegner. Und niemand weiß, dass Valhans Pläne über seinen Tod hinaus gehen. Er will wiedergeboren werden, um ein weiteres Jahrtausend die Welten zu beherrschen - und dafür werden er und seine Anhänger jedes Hindernis beseitigen.";/MyLibrary/Images/Books/65.png
Canavan, Trudi;Die Mächtige;Die Magie der tausend Welten (volume 3);;20/08/2018;Blanvalet;;9783734161490;No;;;;/MyLibrary/Images/Books/128.png
Canavan, Trudi;Die Novizin;Die Gilde der Schwarzen Magier (volume 1);;2006;Blanvalet;604;9783442243952;No;;;Im 2. Band der Trilogie muss sich Sonea gegen die böswilligen Mitschüler behaupten und wird in die düsteren Geheimnisse des Hohen Lords eingeweiht. Ab 14.;/MyLibrary/Images/Books/55.png
"Carpenter, Richard; Teich, Karsten";Catweazle, der große Zauberer;;;2006;Ravensburger;382;9783473523023;No;;;"""Sunandum! Hurandos! Saritap! Otarim!"", schrie Catweazle den Telefonhörer an und machte mit der Hand magische Zeichen. Trotzdem antworteten ihm keine Stimmen. Tief enttäuscht gab er den Hörer dem Pfarrer zurück. ""Oh großer
Zauberer! Lass noch mehr Stimmen aus deinem sprechenden Knochen dringen.""

Für den Zauberer Catweazle ist nicht nur das Telefon ein durch und durch magisches Gerät. Ein missglückter
Flugzauber hat ihn aus dem Mittelalter 9oo Jahre in die Zukunft katapultiert. Catweazle kennt keine Autos oder Glühbirnen, hält Straßenmarkierungen für weiße Schlangen und ist völlig fasziniert von diesem geheimnisvollen Ele-Trick, mit dem man die Sonne aufgehen lassen kann..";/MyLibrary/Images/Books/79.png
"Catlin, Brian; Hanrahan, Jamie; Russinovich, Mark E.; Solomon, David A.; Ionescu, Alex";Windows Internals;;Computers;29/02/2016;Microsoft;900;9780735684188;No;;;"Delve inside Windows architecture and internals - and see how core components work behind the scenes. This classic guide has been fully updated for Windows 8.1 and Windows Server 2012 R2, and now presents its coverage in three volumes: Book 1, User Mode; Book 2, Kernel Mode; Book 3, Device Driver Models. In Book 1, you'll plumb Windows fundamentals, independent of platform - server, desktop, tablet, phone, Xbox. Coverage focuses on high-level functional descriptions of the various Windows components and features that interact with, or are manipulated by, user mode programs, or applications. You'll also examine management mechanisms and operating system components that are implemented in user mode, such as service processes. As always, you get critical insider perspectives on how Windows operates. And through hands-on experiments, you'll experience its internal behavior firsthand - knowledge you can apply to improve application design, debugging, system performance, and support. Planned chapters: Concepts & Tools; System Architecture; Windows Application Support; Windows Store Apps; Graphics & the Desktop; Management Mechanisms; User Mode Memory Management; Security; Storage; Networking; Hyper-V.";/MyLibrary/Images/Books/207.png
Child, Lee;Ausgeliefert;Jack Reacher;;2017;Blanvalet;575;9783734105135;No;;;"Ein Mann und eine Frau treffen zufällig auf einer Straße in Chicago
zusammen. Plötzlich tauchen zwei Männer auf und entführen die beiden mit vorgehaltener Waffe. Sie werden mit Handschellen aneinandergekettet, in einen Lieferwagen geworfen und in die tiefen Wälder Montanas gebracht. Die Frau ist Holly Johnson, Agentin des FBI und Tochter eines der ranghöchsten Generäle Washingtons. Der Mann ist Jack Reacher ...";/MyLibrary/Images/Books/54.png
Child, Lee;Der Ermittler;Jack Reacher (volume 21);;11/11/2019;Blanvalet;416;9783764507169;No;;;;/MyLibrary/Images/Books/234.png
Child, Lee;Im Visier;Jack Reacher;;15/07/2019;Blanvalet;416;9783734105739;No;;;"John Kott ist einer der besten Scharfschützen, die die U.S. Army jemals hervorgebracht hat. Doch er ist auch ein skrupelloser Mörder, der den französischen Präsidenten erschießen wollte. Das Attentat schlug fehl, aber in Kürze wird er eine neue Gelegenheit haben: der G8-Gipfel in London. Es gibt nur einen Mann, der ihn aufhalten kann.
Nur einen, der Kott ebenbürtig ist. Jener Mann, der Kott schon einmal ins Gefängnis brachte: Jack Reacher!";/MyLibrary/Images/Books/44.png
Clancy, Tom;Befehl von oben;Jack Ryan;;09/04/2013;Heyne;;9783453436794;No;;;;/MyLibrary/Images/Books/150.png
Clancy, Tom;Command Authority;Jack Ryan;;08/02/2016;Heyne;848;9783453419131;No;;;;/MyLibrary/Images/Books/152.png
Clancy, Tom;Das Echo aller Furcht;Jack Ryan;;11/02/2013;Heyne;;9783453436763;No;;;;/MyLibrary/Images/Books/143.png
Clancy, Tom;Der Kardinal im Kreml;Jack Ryan;;2012;Heyne;540;9783453436749;No;;;"Von einem geheimen Ort in der Nähe der afghanischen Grenze aus haben Russen erstmals mit einem Laserstrahl einen US-Spionagesatelliten 'geblendet'. Ein Fall für Jack Ryan. ""Ein Autor, der nicht in Science-fiction abdriftet, sondern realistische Ausgangssituationen spannend zum Roman verdichtet."" DER SPIEGEL Tom Clancy, geboren 1947, arbeitete lange Jahre als Versicherungsagent. Eine Meuterei auf einem sowjetischen Zerstörer regte Clancy dazu an, seinen ersten Thriller, 'Jagd auf Roter Oktober' zu schreiben. Das Buch wurde auf Anhieb ein internationaler Erfolg, der sich in der Verfilmung mit Sean Connery in der Hauptrolle wiederholte. Seither ist Tom Clancy der Erfolg treu geblieben, seine Romane belegen regelmässig über Wochen hinweg die ersten Plätze der internationalen Bestsellerlisten, die Verfilmungen mit Harrison Ford als Jack Ryan waren ausnahmslos Kassenschlager. Wie realistisch und gut recherchiert seine Bücher sind, zeigt die Tatsache, dass der Autor nach den Anschlägen vom 11. September von der amerikanischen Regierung als spezieller Berater hinzugezogen wurde - in 'Befehl von oben' hatte er ein Szenario entworfen, dass der späteren Realität erschreckend nahe kam.";/MyLibrary/Images/Books/146.png
Clancy, Tom;Der Schattenkrieg;Jack Ryan;;14/01/2013;Heyne;;9783453436756;No;;;;/MyLibrary/Images/Books/151.png
Clancy, Tom;Die Stunde der Patrioten;Jack Ryan;;09/07/2012;Heyne;;9783453436732;No;;;;/MyLibrary/Images/Books/144.png
Clancy, Tom;Ehrenschuld;Jack Ryan;;2012;Heyne;1016;9783453436787;No;;;Jack Ryans härtester Einsatz Aussenpolitisch stehen die USA kurz vor der Alarmstufe Rot. Man holt Jack Ryan als neuen Sicherheitsberater des Präsidenten an die vorderste Front. Doch bevor er loslegt, muss Ryan zuerst noch eine Ehrenschuld begleichen. Ein Politthriller der Sonderklasse! Tom Clancy, geboren 1947, arbeitete lange Jahre als Versicherungsagent. Eine Meuterei auf einem sowjetischen Zerstörer regte Clancy dazu an, seinen ersten Thriller, 'Jagd auf Roter Oktober' zu schreiben. Das Buch wurde auf Anhieb ein internationaler Erfolg, der sich in der Verfilmung mit Sean Connery in der Hauptrolle wiederholte. Seither ist Tom Clancy der Erfolg treu geblieben, seine Romane belegen regelmässig über Wochen hinweg die ersten Plätze der internationalen Bestsellerlisten, die Verfilmungen mit Harrison Ford als Jack Ryan waren ausnahmslos Kassenschlager. Wie realistisch und gut recherchiert seine Bücher sind, zeigt die Tatsache, dass der Autor nach den Anschlägen vom 11. September von der amerikanischen Regierung als spezieller Berater hinzugezogen wurde - in 'Befehl von oben' hatte er ein Szenario entworfen, dass der späteren Realität erschreckend nahe kam.;/MyLibrary/Images/Books/149.png
Clancy, Tom;Gnadenlos;Jack Ryan;;2012;Heyne;876;9783453436770;No;;;;/MyLibrary/Images/Books/145.png
Clancy, Tom;Im Zeichen des Drachen;Jack Ryan;;2012;Heyne;1160;9783453436817;No;;;Tom Clancy - die Nummer eins unter den internationalen Thrillern!Ein fehlgeschlagenes Attentat auf den Chef des russischen Geheimdienstes ist der Auslöser für eine weltweite Krise. Jack Ryan - neu gewählter Präsident der USA - ist gezwungen, seine schärfste Waffe einzusetzen, den Antiterrorspezialisten John Clark. Ein Szenario von erschreckender Aktualität. Tom Clancy, geboren 1947, arbeitete lange Jahre als Versicherungsagent. Eine Meuterei auf einem sowjetischen Zerstörer regte Clancy dazu an, seinen ersten Thriller, 'Jagd auf Roter Oktober' zu schreiben. Das Buch wurde auf Anhieb ein internationaler Erfolg, der sich in der Verfilmung mit Sean Connery in der Hauptrolle wiederholte. Seither ist Tom Clancy der Erfolg treu geblieben, seine Romane belegen regelmässig über Wochen hinweg die ersten Plätze der internationalen Bestsellerlisten, die Verfilmungen mit Harrison Ford als Jack Ryan waren ausnahmslos Kassenschlager. Wie realistisch und gut recherchiert seine Bücher sind, zeigt die Tatsache, dass der Autor nach den Anschlägen vom 11. September von der amerikanischen Regierung als spezieller Berater hinzugezogen wurde - in 'Befehl von oben' hatte er ein Szenario entworfen, dass der späteren Realität erschreckend nahe kam.;/MyLibrary/Images/Books/148.png
Clancy, Tom;Jagd auf Roter Oktober;Jack Ryan;;12/11/2012;Heyne;;9783453436718;No;;;;/MyLibrary/Images/Books/147.png
Clancy, Tom;Operation Rainbow;Jack Ryan;;2000;Heyne;887;9783453171862;No;;;;/MyLibrary/Images/Books/121.png
Cogman, Genevieve;Die maskierte Stadt;;;21/12/2017;Bastei Lübbe;;9783404208883;No;;;;/MyLibrary/Images/Books/182.png
Colfer, Eoin;Der Geheimcode;Artemis Fowl (volume 3);;2005;List;322;9783548606279;No;;;;/MyLibrary/Images/Books/59.png
Cook, Dawn;Die erste Wahrheit;Truth (volume 1);;2008;Blanvalet;478;9783442265763;No;;;;/MyLibrary/Images/Books/214.png
Cook, Dawn;Die geheime Wahrheit;Truth (volume 2);;2008;Blanvalet;472;9783442265770;No;;;;/MyLibrary/Images/Books/215.png
Cook, Dawn;Die letzte Wahrheit;Truth (volume 4);;2008;Blanvalet;474;9783442265794;No;;;;/MyLibrary/Images/Books/220.png
Cook, Dawn;Die verlorene Wahrheit;Truth (volume 3);;2008;Blanvalet;475;9783442265787;No;;;;/MyLibrary/Images/Books/216.png
De Castell, Sebastian;Blutrecht;;;;Piper;;9783492703215;No;;;;/MyLibrary/Images/Books/190.png
"Deiser, Oliver; Lasser, Caroline";Erste Hilfe in Linearer Algebra;;Mathematik, Lehrbuch;04/02/2015;Springer Spektrum;270;9783642416262;No;;;"Das Buch wendet sich, wie die „Erste Hilfe in Analysis“, an Studienanfänger der Mathematik im Fach- und Lehramtsstudium. Es möchte den Übergang von der Schule zur Universität erleichtern und wertvolle Hilfestellungen während der ersten Fachsemester bieten. Es eignet sich als Begleittext der Grundvorlesung zur Linearen Algebra und zur Prüfungsvorbereitung. Behandelt werden: - Mengentheoretisches Vorspiel - Relationen und Abbildungen - Algebraische Strukturen - Vektorräume - Lineare Abbildungen - Matrizen - Euklidische und unitäre Vektorräume - Determinanten - Eigenwerte Der Text bietet - exakte Definitionen und Sätze - kompakte und übersichtlich strukturierte zweiseitige Darstellungen - zahlreiche Abbildungen zur Visualisierung von abstrakten Begriffen und Ergebnissen - zahlreiche Beispiele zur Illustration, Aneignung und Vertiefung - überblickartige Zusammenfassungen zu wichtigen Querschnittsthemen der linearen Algebra - Ausblicke auf ""Eigenwerte ohne Determinanten"", ""Eigenwerte ohne Fundamentalsatz"", ""Gershgorin-Kreise"", ""Matixnormen"", ""Matrixexponentiale"", ""Lineare Systeme von Differentialgleichungen"" - als Anhang kurze Darstellungen zu den Themen „Junktoren"", ""Quantoren“, ""Zum Funktionsbegriff"", ""Zahlen"", ""Geometrische Grundlagen"", „Die Axiome der Mengenlehre“";/MyLibrary/Images/Books/10.png
Dobelli, Rolf;Die Kunst des klaren Denkens;;;01/05/2014;Dtv;256;9783423348263;No;;;;/MyLibrary/Images/Books/222.png
Dragt, Tonke;Der Brief für den König;Tiuri (volume 1);;2000;Gulliver;454;9783407784575;No;;;;/MyLibrary/Images/Books/212.png
Dragt, Tonke;Der wilde Wald;Tiuri (volume 2);;1989;Gulliver;477;9783407780560;No;;;Seltsame Dinge werden über den Wilden Wald berichtet: von Räubern und vergessenen Städten, von gefährlichen Rittern mit roten Schilden, von geheimnisvollen grünen Wesen ... Tiuri, ein junger Ritter, macht sich auf, diese Geheimnisse zu lüften.  Er wird dabei in den erbitterten Kampf verstrickt, den die zerstrittenen Söhne von König Unauwen führen. Ein Kampf zwischen Gut und Böse, in dem niemand neutral bleiben kann.;/MyLibrary/Images/Books/60.png
Dumas, Alexandre;Der Graf Von Monte Christo;;;2007;Ueberreuter;286;9783800052967;No;;;Der angehende Seemann Edmond Dantès wird von Neider unschuldig ins Gefängnis gebracht, wo ihm der Gefangene Abbé Faria vor seinem Tod sein Wissen von einem Schatz anvertraut. Als reicher Mann kehrt Dantès in seine Heimat zurück und rächt sich an allen, die ihn verraten haben.;/MyLibrary/Images/Books/77.png
Dumas, Alexandre;Der Graf von Monte Christo;;;01/2011;dtv;1494;9783423139557;No;;;;/MyLibrary/Images/Books/125.png
Dunant, Sarah;Der Palast der Borgia;;2014;;Insel Verlag Gmbh;646;9783458360339;No;;;;/MyLibrary/Images/Books/23.png
Eames, Nicholas;Könige der Finsternis;;;11/02/2019;Heyne Verlag;;9783453318878;No;;;;/MyLibrary/Images/Books/127.png
Ellenberg, Jordan;How Not to be Wrong;;Mathematics;13/05/2015;Penguin Books Limited;468;9780718196042;No;;;The maths we learn in school can seem like an abstract set of rules, laid down by the ancients and not to be questioned. In fact, Jordan Ellenberg shows us, maths touches on everything we do, and a little mathematical knowledge reveals the hidden structures that lie beneath the world's messy and chaotic surface. In How Not to be Wrong, Ellenberg explores the mathematician's method of analyzing life, from the everyday to the cosmic, showing us which numbers to defend, which ones to ignore, and when to change the equation entirely. Along the way, he explains calculus in a single page, describes Gödel's theorem using only one-syllable words, and reveals how early you actually need to get to the airport.;/MyLibrary/Images/Books/172.png
"Epstein, Lewis C.; Lessing, Hans-Erhard";Denksport-Physik;;;2006;dtv;579;9783423245562;No;;;;/MyLibrary/Images/Books/29.png
"Erk, Katrin; Priese, Lutz";Theoretische Informatik;;Lehrbuch, Informatik;29/02/2008;Springer;485;9783540763192;No;;;Das Lehrbuch führt in verständlicher Sprache in die theoretische Informatik ein. Es umfasst die Theorie der formalen Sprachen, die Theorie der Berechenbarkeit und gibt einen Überblick zur Komplexitätstheorie. Das Buch eignet sich insbesondere für Einsteiger: Alle Beweise sind im Detail ausgeführt. Für Dozenten ist das Buch ebenfalls interessant, da auch Nicht-Standard-Berechnungsmodelle vorgestellt werden. Das Buch basiert auf Vorlesungen der letzten zehn Jahre für Studierende der Informatik im Grundstudium.;/MyLibrary/Images/Books/7.png
Falkner, Brian;Angriff aus dem Netz;;;2010;dtv;;9783423248419;No;;;;/MyLibrary/Images/Books/31.png
Feintuch, David;Der zweite Kontakt;Seafort Saga (volume 2);;;Lübbe;;9783404231782;No;;;;/MyLibrary/Images/Books/132.png
Feintuch, David;Die Gefangenen;Seafort Saga (volume 3);;;Lübbe;;9783404231843;No;;;;/MyLibrary/Images/Books/133.png
Feintuch, David;Kommandant Nick Seafort - Die Verzweiflung des Fischers.;Seafort Saga (volume 4);;;Lübbe;;9783404231904;No;;;;/MyLibrary/Images/Books/91.png
Feintuch, David;Sternenkadett Nick Seafort;Seafort Saga (volume 1);;1995;Lübbe;539;9783404231690;No;;;;/MyLibrary/Images/Books/134.png
Feist, Raymond;Der Lehrling des Magiers;Midkemia-Saga (volume 1);;20/06/2016;Blanvalet;;9783734160950;No;;;;/MyLibrary/Images/Books/202.png
"Ferri, Jean-Yves; Conrad";Der Papyrus des Cäsar;Asterix;;;Egmont;;9783770438907;No;;;;/MyLibrary/Images/Books/210.png
Fischer, Gerd;Lineare Algebra: Eine Einführung für Studienanfänger;;Mathematik, Lehrbuch;2013;Springer Spektrum;384;9783658039448;No;;;"Lineare Algebra

Das seit über 3o Jahren bewährte, einführende Lehrbuch eignet sich als Grundlage für eine zweisemestrige Vorlesung für Studierende der Mathematik, Physik und Informatik. Für einen schnellen und leichteren Einstieg ist das Buch ebenfalls zu verwenden, indem
die markierten Abschnitte weggelassen werden.

Zentrale Themen sind: Lineare Gleichungssysteme, Eigenwerte und Skalarprodukte. Besonderer Wert wird darauf gelegt, Begriffe zu motivieren, durch Beispiele und durch Bilder zu illustrieren und konkrete Rechenverfahren für die Praxis abzuleiten. Der Text enthält zahlreiche Ubungsaufgaben. Lösungen dazu findet man in dem von H. Stoppel und B. Griese verfassten Übungsbuch zur Linearen Algebra. Zur Motivation der Studierenden enthält das Buch eine Einführung, in der die Bedeutung der Linearen Algebra als Grundlage innerhalb der Mathematik und ihren
Anwendungen beschrieben wird.

Der Inhalt
- Warum Lineare Algebra?
- Lineare Gleichungssysteme 
- Grundbegriffe
- Lineare Abbildungen 
- Determinanten 
- Eigenwerte 
- Euklidische und unitäre Vektorräume 
- Dualität und Tensorprodukte";/MyLibrary/Images/Books/13.png
Flynn, Vince;American Assassin - Wie alles begann;Mitch Rapp (volume 1);;2017;Festa Verlag;506;9783865525826;No;;;"Im Dezember 1988 kommen beim Lockerbie-Bombenanschlag alle 259 Passagiere einer Boeing 747 ums Leben, darunter auch Mary, die Verlobte des US-Collegestudenten Mitch Rapp. Ein Jahr nach ihrem Tod wird Mitch von der CIA rekrutiert und schließt sich dem geheimen Orion Team an, das gegen den weltweiten Terror in den Kampf zieht. An Krisenherden in Europa, im Nahen Osten und Asien bewältigt er den Verlust seiner großen Liebe und sucht nach einem neuen Sinn für
sein Leben.";/MyLibrary/Images/Books/66.png
Flynn, Vince;Die Macht;Mitch Rapp (volume 5);;01/10/2001;Heyne Verlag;447;9783453879454;No;;;"Als der Direktor der CIA verstirbt, nutzen korrupte Politiker in Washington die Schwäche der jüngeren, weniger erfahrenen Nachfolgerin aus, um eine Ver-
schwörung anzuzetteln, die die Welt entscheidend verändern könnte. Kurz darauf erfährt der Präsident der Vereinigten Staaten auch noch von cinem Atomwaffenprogramm im Nahen Osten, das die Gefahr eines dritten Weltkriegs heraufbeschwört, worauthin er seinen besten Mann zu Hilfe ruft: Antiterror-Agent Mitch
Rapp. Ihm bleiben zwei Wochen, die Atomwaffen unschädlich zu machen.";/MyLibrary/Images/Books/52.png
Flynn, Vince;Kill Shot - In die Enge getrieben;Mitch Rapp (volume 2);;2016;Festa Verlag;461;9783865524577;No;;;"Nachdem Anti-Terror-Kämpfer Mitch Rapp die Drahtzieher der grausamen Lockerbie-Anschläge Schuss für Schuss außer Gefecht gesetzt hat, verschlägt ihn sein Feldzug gegen den Terror nach Paris.
Dort gerät er in eine tödliche Falle. Neun Leichen, darunter die von Libyens Energieminister, werden in einem der besten Hotels der Stadt aufgefunden. Die Patronen scheinen aus Rapps Waffe abgefeuert worden zu sein. Die US-Regierung kappt sämtiche Verbindungen zu ihrem Topagenten, um einen internationalen diplomatischen Skandal zu vermeiden. Auf sich allein gestellt, in die Enge getrieben und
verletzlich wie nie zuvor, lauft Mitch Rapp zur Höchstform auf um die wahren Schuldigen zu finden.";/MyLibrary/Images/Books/53.png
Flynn, Vince;Separation of Power;Mitch Rapp (volume 5);Fiction;30/06/2009;Simon and Schuster;515;9781439135730;No;;;With CIA director Thomas Stansfield dead, his protege, Dr. Irene Kennedy, is poised to take over the reins of the agency, while CIA operative Mitch Rapp heads to the Middle East to try to stop the chaos that could ignite World War III. Reprint.;/MyLibrary/Images/Books/177.png
Flynn, Vince;The Third Option - Die Entscheidung;Mitch Rapp (volume 4);;01/07/2018;Festa Verlag;;9783865526656;No;;;;/MyLibrary/Images/Books/186.png
Flynn, Vince;Transfer of Power - Der Angriff;Mitch Rapp (volume 3);;28/08/2017;Festa Verlag;;9783865525529;No;;;;/MyLibrary/Images/Books/187.png
Foer, Joshua;Moonwalking with Einstein;;Memory;01/02/2012;Penguin UK;307;9780141032139;No;;;'If you want to understand how we remember, and how we can all learn to remember better, then read this book' Jonah Lehrer Can anyone get a perfect memory? Joshua Foer used to be like most of us, forgetting phone numbers and mislaying keys. Then he learnt the art of memory training, and a year later found himself in the finals of the US Memory Championship. He also discovered a truth we often forget: that, even in an age of technology, memory is the key to everything we are. In Moonwalking with Einstein he takes us on an astonishing journey through the mind, from ancient 'memory palace' techniques to neuroscience, from the man who can recall nine thousand books to another who constantly forgets who he is. In doing so, Foer shows how we can all improve our memories. 'The most entertaining science book of the year' Sunday Times, Books of the Year 'Captivating . . . engaging . . . smart and funny' The New York Times 'Delightful . . . uplifting . . . it shows that our minds can do extraordinary things' Wall Street Journal 'A lovely exploration of the ways that we preserve our lives and our world in the golden amber of human memory' New Scientist;/MyLibrary/Images/Books/35.png
Forster, Otto;Analysis 1: Differential- und Integralrechnung einer Veränderlichen;;Mathematik, Lehrbuch;28/11/2012;Springer Spektrum;332;9783658003166;No;;;"Analysis 1

Dieses seit über 30 Jahren bewährte Standardwerk ist gedacht als Begleittext zur Analysis -Vorlesung des ersten Semesters für Mathematiker, Physiker und Informatiker. Bei der Darstellung
wurde besonderer Wert darauf gelegt, in systematischer Weise, aber ohne zu große Abstraktionen zu den wesentlichen Inhalten vorzudringen und sie mit vielen konkreten Beispielen zu illustrieren. An verschiedenen Stellen wurden Bezüge zur Informatik hergestellt. Einige numerische Beispiele wurden durch Programmcodes ergänzt, so dass die Rechnungen direkt am Computer nachvollzogen werden können. Die vorliegende 11. Auflage wurde um einige Aufgaben und Beispiele erweitert.

Der Inhalt
- Vollständige Induktion
- Grenzwerte von Folgen und Reihen - Stetige Funktionen
- Die Elementaren Funktionen 
- Differential Rechnung 
- Das Riemannsche Integral 
- Taylor- und Fourier-Reihen";/MyLibrary/Images/Books/14.png
Forsyth, Frederick;Die Todesliste;;;2013;Bertelsmann Verlag;318;9783570101667;No;;;"Die ""Todesliste"" ist das geheimste Dokument der amerikanischen Regierung. Es enthält die Namen derer, die eine Gefahr für den Weltfrieden darstellen. Ganz oben auf der Liste steht ""Der Prediger"" , ein radikaler Islamist, der dazu aufstachelt, im Namen Gottes Reprásentanten der westlichen Welt zu töten. Er muss gestoppt werden, für immer.";/MyLibrary/Images/Books/64.png
Fury, Dalton;Black Site - Das Geheimlager;;;06/08/2015;Festa Verlag;352;9783865523594;No;;;;/MyLibrary/Images/Books/178.png
Gablé, Rebecca;Der dunkle Thron;;Fiction;21/12/2011;Bastei Lübbe;960;9783431038408;No;;;"London 1529: Nach dem Tod seines Vaters erbt der vierzehnjährige Nick of Waringham eine heruntergewirtschaftete Baronie - und den unversöhnlichen Groll des Königs Henry VIII. Dieser will sich von der katholischen Kirche lossagen, um sich von der Königin scheiden zu lassen. Bald sind die ""Papisten"", unter ihnen auch Henrys Tochter Mary, ihres Lebens nicht mehr sicher. Doch in den Wirren der Reformation setzen die Engländer ihre Hoffnungen auf Mary, und Nick schmiedet einen waghalsigen Plan, um die Prinzessin vor ihrem größten Feind zu beschützen: ihrem eigenen Vater -";/MyLibrary/Images/Books/221.png
Gablé, Rebecca;Die Hüter der Rose;;Audiobooks;2007;Bastei Lübbe;1113;9783404156832;No;;;""" "" ""Etwas Furchtbares war in Gang gekommen, das nicht nur seine Familie betraf, sondern ebenso den König, das Haus Lancaster und ganz England. Ihnen allen schien der Blutmond."" "" England 1413: Als der dreizehnjährige John of Waringham fürchten muss, von seinem Vater in eine kirchliche Laufbahn gedrängt zu werden, reisst er aus und macht sich auf den Weg nach Westminster. Dort begegnet er König Harry und wird an dessen Seite schon jung zum Ritter und Kriegshelden. Doch Harrys plötzlicher Tod stürzt England in eine tiefe Krise, denn sein Sohn und Thronfolger ist gerade acht Monate alt ... """;/MyLibrary/Images/Books/218.png
Glaesener, Helga;Der schwarze Skarabäus;;;;Ullstein Taschenbuchvlg.;;9783548606064;No;;;;/MyLibrary/Images/Books/217.png
Gordon, Noah;Der ?Medicus;;;11/2013;Heyne Verlag;845;9783453503946;No;;;"Die ?Welt des Mittelalters, der Bader und Gaukler, des Hungers und der Pest, aber auch des fanatischen Glaubens mit seiner Ungerechtigkeit ist der Hintergrund dieses mitreißenden Romans. Vor dieser Folie entwickelt sich ein abenteuerliches Leben: 1021 wird der 9-jährige Rob in London Waise. Sein Schicksal will, dass ihm Henry Croft über den Weg läuft, und dieser Bader ihn als Lehrling mit sich nimmt. Von ihm lernt Rob die einfachsten medizinischen Griffe, aber auch Zirkusstücke wie das Jonglieren. Nach dem Tod des Baders dauert es nicht lange, bis Rob, der sich berufen fühlt, Medizin studieren möchte. Dazu muss er nach Isfahan in Persien. Dort will er bei dem Avicenna genannten berühmtesten aller Ärzte lernen. Die Mühen, die Gefahren, die Verkleidung als Jude ... sind wesentliche Elemente dieses Weltbestsellers!

Noah Gordon ist 1926 in Worcester, Massachusetts, geboren. Nach dem Studium der Publizistik und Anglistik arbeitete er als wissenschaftlicher Redakteur beim Bostoner Herald. Bereits sein erster Roman ""Der Rabbi"" verhalf ihm zum Durchbruch. Es schließen weitere Erfolge wie ""Der Schamane"" und ""Der Medicus"" an! Vergangene Zeiten und ihr Lebensgefühl spannend und fesselnd aufzubereiten - das ist das Markenzeichen dieses großartigen Erzählers.";/MyLibrary/Images/Books/40.png
"Griesbaum, Rainer; Rogina, Ivica";Latex Für Dummies;;Lehrbuch, Technik;2011;Wiley-vch;367;9783527704064;No;;;"LaTeX-Befehle von addcontentsline bis vspace

Egal, ob Sie mit LaTeX einen einfachen Brief oder eine umfangreiche Master-Arbeit mit zahlreichen Formeln erstellen wollen, in diesem Buch finden Sie fachkundige Anleitung. Rainer Griesbaum und Ivica Rogina erklären Ihnen zunächst die Besonderheiten von LaTeX und zeigen Ihnen dann Schritt für Schritt, wie Sie ein LaTeX-Dokument erstellen und Tabellen und Abbildungen integrieren. Natürlich gehen sie auch auf die besondere Stärke on LaTeX, den Formelsatz, ein und erläutern, wie Sie größere Dokumente geschickt gliedern und formatieren sowie Register und Inhaltsverzeichnisse erstellen.";/MyLibrary/Images/Books/15.png
"Gruber, Werner; Oberhummer, Heinz; Puntigam, Martin";Das Universum ist eine Scheißgegend;;;28/09/2015;Hanser, Carl GmbH + Co.;;9783446444775;No;;;;/MyLibrary/Images/Books/157.png
"Gumm, Heinz-Peter; Sommer, Manfred";Einführung in die Informatik;;Informatik;07/11/2012;Oldenbourg Verlag;888;9783486706413;No;;;"Eine anschauliche und umfassende Einfuhrung in die grundlegenden Konzepte der Informatik einschliesslich Internet mit E-Mail, FTP und WWW, HTML und Java-Applets zur Gestaltung eigener Web-Seiten. Beispielprogramme und weitere Software sind uber die Internetseiten der Autoren erhaltlich.""";/MyLibrary/Images/Books/16.png
Gwynne, John;Macht;Die Getreuen und die Gefallenen (volume 1);;19/06/2017;Blanvalet;832;9783734161193;No;;;;/MyLibrary/Images/Books/83.png
Harari, Yuval Noah;Eine kurze Geschichte der Menschheit;;;09/03/2015;Pantheon;528;9783570552698;No;;;;/MyLibrary/Images/Books/236.png
Heitz, Markus;Drachen: Die komplette Saga;;Fantasy;2018;Piper Verlag Gmbh;558;9783492704786;No;;;;
Hobb, Robin;Der blinde Krieger;Die Zauberschiffe (volume 3);;;Blanvalet;;9783442244669;No;;;;/MyLibrary/Images/Books/87.png
Hobb, Robin;Der Ring der Händler;Die Zauberschiffe (volume 1);;;Blanvalet;;9783442244393;No;;;;/MyLibrary/Images/Books/89.png
Hobb, Robin;Die Herrscher der drei Reiche;Die Zauberschiffe (volume 6);;;Blanvalet;;9783442244874;No;;;;/MyLibrary/Images/Books/85.png
Hobb, Robin;Die Stunde des Piraten;Die Zauberschiffe (volume 4);;;Blanvalet;;9783442244669;No;;;;/MyLibrary/Images/Books/88.png
Hobb, Robin;Die Vergessene Stadt;Die Zauberschiffe (volume 5);;;Blanvalet;;9783442244874;No;;;;/MyLibrary/Images/Books/84.png
Hobb, Robin;Viviaces Erwachen;Die Zauberschiffe (volume 2);;;Blanvalet;;9783442244393;No;;;;/MyLibrary/Images/Books/90.png
Hodges, Andrew;Alan Turing: The Enigma;;;05/03/1992;Vintage;592;9780099116417;No;;;;/MyLibrary/Images/Books/237.png
Horowitz, Anthony;Schattenmacht;Die Fünf Tore (volume 1);Fantasy;2007;Loewe;397;9783785558850;No;;;Scott und Jamie sollen entführt werden. Jamie kann fliehen. Beim Versuch, Scott zu befreien, wird er angeschossen, schwebt zwischen Leben und Tod, wird in eine andere Zeit versetzt und erlebt - mit den anderen Torhütern - den 1. Kampf gegen die Alten mit. Ab 13.;/MyLibrary/Images/Books/24.png
Horowitz, Anthony;Todeskreis;Die Fünf Tore (volume 1);;01/2006;Loewe Verlag;286;9783785558096;No;;;"Panisch fährt Matt aus dem Schlaf hoch. Er hatte wieder denselben Traum, wie schon so oft: Drei Jungen und ein Mädchen rufen ihn verzweifelt um Hilfe. Oder wollen sie ihn warnen? Matt weiss, dass er keine Zeit mehr zu verlieren hat. Er muss fliehen - fort von seiner Pflegemutter und fort von der Farm, auf der sie ihn seit Tagen wie einen Gefangenen festhält. Denn Matt soll Teil einer dämonischen Verschwörung werden. Und jede Sekunde, die er länger auf der Farm bleibt, könnte seinen Tod bedeuten ... Der Autor Anthony Horowitz gilt in England als der Stephen King für Jugendliche. Seine neue Reihe ""Die Fünf Tore"" lässt den Leser in die Abgründe der Menschheit blicken. Atemberaubend und rasant geschrieben, ist der erste Band ein Thriller der Spitzenklasse. (Quelle: www.loewe-verlag.de).";/MyLibrary/Images/Books/124.png
Hounsom, Lucy;Die Legenden von Mond und Sonne;;;;Piper;;9783492703482;No;;;;/MyLibrary/Images/Books/223.png
Houston, Kevin;Wie man mathematisch denkt;;Mathematics;17/08/2012;Springer Spektrum;323;9783827429971;No;;;Suchen Sie nach einer Starthilfe für Ihr Bachelor- oder Lehramt-Mathematikstudium? Haben Sie mit dem Studium vielleicht schon begonnen und fühlen sich nun von Ihrem bisherigen Lieblingsfach eher verwirrt? Keine Panik! Dieser freundliche Ratgeber wird Ihnen den Übergang in die Welt des mathematischen Denkens erleichtern. Wenn Sie das Buch durcharbeiten, werden Sie mit einem Arsenal an Techniken vertraut, mit denen Sie sich Definitionen, Sätze und Beweise erschließen können. Sie lernen, wie man typische Aufgaben löst und mathematisch exakt formuliert. Unter anderem sind alle wesentlichen Beweismethoden abgedeckt: direkter Beweis, Fallunterscheidungen, Induktion, Widerspruchsbeweis, Beweis durch Kontraposition. Da stets konkrete Beispiele den Stoff vertiefen, gewinnen Sie außerdem reichhaltige praktische Erfahrung mit Themen, die in vielen einführenden Vorlesungen nicht vorkommen: Äquivalenzrelationen, Injektivität und Surjektivität von Funktionen, Kongruenzrechnung, der euklidische Algorithmus, und vieles mehr. An über 300 Übungsaufgaben können Sie Ihren Fortschritt überprüfen – so werden Sie schnell lernen, wie ein Mathematiker zu denken und zu formulieren. Studierende haben das Material über viele Jahre hinweg getestet. Das Buch ist nicht nur unentbehrlich für jeden Studienanfänger der Mathematik, sondern kann Ihnen auch dann weiterhelfen, wenn Sie Ingenieurwissenschaften oder Physik studieren und einen Zugang zu den Themen des mathematischen Grundstudiums benötigen, oder wenn Sie sich mit Gebieten wie Informatik, Philosophie oder Linguistik beschäftigen, in denen Kenntnisse in Logik vorausgesetzt werden.;/MyLibrary/Images/Books/37.png
Huber, Alexander;Der Berg in mir: Klettern am Limit;;;;Malik;;9783890293370;No;;;;/MyLibrary/Images/Books/160.png
Huber, Alexander;Free Solo;;;;BLV;;9783835405943;No;;;;/MyLibrary/Images/Books/211.png
Hunter, Stephen;Nachtsicht: Er jagt die Mörder seines Vaters;;;2014;Festa Verlag;600;9783865523372;No;;;;/MyLibrary/Images/Books/48.png
Höfler, Horst;Dream Teams;;;;Bruckmann;;9783765444968;No;;;;/MyLibrary/Images/Books/209.png
Isaacson, Walter;Steve Jobs;;;2012;btb;697;9783442744916;No;;;;/MyLibrary/Images/Books/199.png
Jaeger, Lars;Die zweite Quantenrevolution: Vom Spuk im Mikrokosmos zu neuen Supertechnologien (German Edition);;;15/08/2018;Springer;584;9783662575185;No;;;;/MyLibrary/Images/Books/170.png
Jordan, Will;Codewort Tripolis;Ryan Drake (volume 5);;17/04/2017;Blanvalet;640;9783734104121;No;;;;/MyLibrary/Images/Books/181.png
Jordan, Will;Der Absturz;Ryan Drake (volume 2);;18/08/2014;Blanvalet;;9783442383016;No;;;;/MyLibrary/Images/Books/232.png
Jordan, Will;Mission Vendetta;Ryan Drake (volume 1);;16/09/2013;Blanvalet;;9783442380909;No;;;;/MyLibrary/Images/Books/162.png
Kahneman, Daniel;Thinking, Fast and Slow;;Psychology;2012;Penguin UK;499;9780141033570;No;;;The New York Times Bestseller, acclaimed by author such as Freakonomics co-author Steven D. Levitt, Black Swan author Nassim Nicholas Taleb and Nudge co-author Richard Thaler, Thinking Fast and Slow offers a whole new look at the way our minds work, and how we make decisions.Why is there more chance we'll believe something if it's in a bold type face? Why are judges more likely to deny parole before lunch? Why do we assume a good-looking person will be more competent? The answer lies in the two ways we make choices: fast, intuitive thinking, and slow, rational thinking. This book reveals how our minds are tripped up by error and prejudice (even when we think we are being logical), and gives you practical techniques for slower, smarter thinking. It will enable to you make better decisions at work, at home, and in everything you do.;/MyLibrary/Images/Books/94.png
Karpfinger, Christian;Algebra: Gruppen - Ringe - Körper;;;14/10/2010;Springer Spektrum;;9783827430113;No;;;"Dieses Lehrbuch zur Algebra bietet eine Einführung in die grundlegenden Begriffe und Methoden der modernen Algebra. Es werden die Themen eines
Grundkurses zur Algebra ausführlich und motivierend behandelt.

Die Algebra wird von vielen Studierenden als sehr abstrakt empfunden. Daher haben sich die Autoren bemüht, die Ergebnisse und Begriffe mit zahlreichen Beispielen zu unterlegen. Die Beweisführungen sind ausführlich, gelegentlich
werden sogar verschiedene Beweise aufgezeigt. Die Kapiteil sind in kleine
Lerneinheiten unterteilt. Diese Lerneinheiten führen Schrit für Schritt an die Ergebnisse heran und können durch diese Darstellung vom Leser besser nachvollzogen werden. Die Autoren haben stets darauf geachtet, dass erst dann neue Begriffe und Konzepte eingeführt werden, wenn ein gewisses Vertrauen im Umgang mit den bis dahin entwickelten Begriffen und Konzepten besteht. Das Vorgehen wird stets motiviert, schwierige Sachverhalte werden ausführlich
erklärt und an Beispielen erprobt. Der Leser erhält dadurch einen einfachen Zugang zu dem nicht ganz leichten Thema der Algebra.

Die zahlreichen Aufgaben unterschiedlicher Schwierigkeitsgrade zum Ende
der Kapitel überprüfen das Gelernte und fördem das tiefere Verständnis der Theorie. Auf der Website zum Buch stehen ausführliche Lösungsvorschläge zu den Aufgaben bereit.";/MyLibrary/Images/Books/6.png
Karpfinger, Christian;Höhere Mathematik in Rezepten: Begriffe, Sätze und zahlreiche Beispiele in Kurzen Lerneinheiten;;Lehrbuch, Mathematik;2014;Springer Spektrum;930;9783662438107;No;;;"Höhere Mathematik in Rezepten

Haben Sie schon einmal ein 3-Gänge-Menü anhand eines Rezepts gekocht? Das klappt im Allgemeinen ganz gut, auch wenn man kein großer Koch ist. Was das mit Mathematik zu tun hat? Na ja, man kann auch viele mathematische Probleme rezeptartig lösen: Brauchen Sie die Lösung einer Riccati'schen Differenzialgleichung oder die Singularwertzerlegung einer Matrix? Schlagen Sie in diesem Buch nach, hier finden Sie ein Rezept dazu. Rezepte gibt es zu Problemen aus der:
- Analysis in einer und mehreren Variablen,
- linearen Algebra,
- Vektoranalysis,
- Theorie zu Ditferenzialgleichungen, gewöhnlich und partiell,
- Theorie der Integraltransformationen,
- Funktionentheorie.

Wir haben versucht, diese Rezepte so gut und auch so verständlich wie möglich in diesem Buch zusammenzufassen. Vielfach wird davon gesprochen, dass man Höhere Mathematik verstehen muss, um sie anwenden zu können. Wir zeigen in diesem Buch, dass das Verständnis auch ganz von selbst durch das Tun kommt: Kein Mensch lernt die Grammatik einer Sprache von vorne bis hinten, wenn er eine Sprache lernen will. Man lernt eine Sprache, indem man sich ein bisschen über die Grammatik informiert und dann loslegt; man muss sprechen, Fehler machen, aut Fehler hingewiesen werden,
Beispielsatze und Rezepte kennen, häppchenweise Themen erarbeiten, dann klappt es. In der Höheren Mathematik ist es nicht anders.

Weitere Besonderheiten dieses Buches sind:
- Die Einteilung der Höheren Mathematik in ca. 100 etwa gleich lange Kapitel.
- Jedes Kapitel behandelt etwa den Stoft einer 90-minütigen Vorlesung.
- Zahlreiche Beispiele.
- Viele Aufgaben, die Lösungen dazu findet man aut der Website zu diesem Buch bzw. in dem dazu gehörigen Arbeitsbuch.
- Viele Probleme der Höheren Mathematik lassen sich mit dem Computer lösen.
- Wir geben stets an, wie es mit MATLAB funktioniert.

Aufgrund der übersichtlichen Darstellung kann das Buch auch als kommentierte und mit zahlreichen Beispielen unterlegt Formelsammlung benutzt werden. Für die vorliegende 2. Auflage wurde das Buch vollständig durchgesehen und um ein Kapitel zur Lösung partieller Differentialgleichungen mittels Integraltransformationen, um einen Abschnitt zur numerischen Lösung der Wellengleichung sowie um etliche zusätzliche Aufgaben ergänzt.";/MyLibrary/Images/Books/4.png
Kay, Guy Gavriel;Im Schatten des Himmels;;;27/10/2016;FISCHER TOR;717;9783596035700;No;;;;/MyLibrary/Images/Books/153.png
Konkoly, Steven;Black Flagged Alpha;Black Flagged (volume 1);;01/08/2017;Luzifer;;9783958352469;No;;;;/MyLibrary/Images/Books/195.png
"König, Lukas; Pfeiffer-Bohnen, Friederike; Schmeck, Hartmut";100 Übungsaufgaben zu Grundlagen der Informatik;;Informatik;11/2013;de Gruyter Oldenbourg;209;9783486731798;No;;;"die optimale Prufungsvorbereitung anhand 100 Aufgaben zur Theoretischen Informatik mit ausfuhrlicher Losung. Zu jedem Kapitel wird eine Einleitung mit Link auf die Videoaufzeichnung einer zugehorigen Vorlesung am Karlsruher Institut fur Technologie gegeben. Ausserdem konnen in einem Forum Fragen und Probleme zu allen Aufgaben diskutiert werden. Behandelt werden u.a. die Themen: Formale Sprachen, endliche Automaten mit und ohne Ausgabe.""";/MyLibrary/Images/Books/231.png
Kühnel, Andreas;Visual C# 2012;;Technik;2013;Galileo Press;1402;9783836219976;No;;;;/MyLibrary/Images/Books/17.png
"Lechner, Auguste; Stephan, Friedrich";Die Nibelungen;;;01/2008;;231;9783401500225;No;;;;/MyLibrary/Images/Books/26.png
Liu, Cixin;Der dunkle Wald;Trisolaris (volume 2);;2018;Heyne Verlag;815;9783453317659;No;;;"Vor vielen Jahren hat die Astrophysikerin Ye Wenjie die größte Entdeckung aller Zeiten gemacht: Auf einem anderen Planeten existiert intelligentes Leben. Nun zeigt sich jedoch, dass die Erde in großer Gefahr schwebt, denn eine
Invasion steht bevor. Vier Menschen werden auserwählt, einen geheimen Abwehrplan zu entwickeln. Einer von ihnen ist der unscheinbare Wissenschaftler Luo Ji und auf ihm ruht plötzlich die Hoffnung der ganzen Welt.";/MyLibrary/Images/Books/47.png
Liu, Cixin;Die drei Sonnen;Trisolaris (volume 1);;12/09/2016;Heyne Verlag;450;9783453317161;No;;;;/MyLibrary/Images/Books/97.png
"Ludlum, Robert; Van Lustbader, Eric";Das Bourne Attentat;Bourne (volume 6);;;Heyne;;9783453435216;No;;;;/MyLibrary/Images/Books/140.png
Ludlum, Robert;Das Bourne Imperium;Bourne (volume 2);;;Heyne;;9783453435612;No;;;;/MyLibrary/Images/Books/139.png
Ludlum, Robert;Das Bourne Ultimatum;Bourne (volume 3);;;Heyne;;9783453435629;No;;;;/MyLibrary/Images/Books/138.png
"Ludlum, Robert; Van Lustbader, Eric";Das Bourne Vermächtnis;Bourne (volume 4);;;Heyne;;9783453435636;No;;;;/MyLibrary/Images/Books/136.png
"Ludlum, Robert; Van Lustbader, Eric";Der Bourne Betrug;Bourne (volume 5);;;Heyne;;9783453435643;No;;;;/MyLibrary/Images/Books/141.png
Ludlum, Robert;Der Janson-Befehl;Janson (volume 1);;2005;Heyne Verlag, München;741;9783453431058;No;;;Ein Milliardär und internationaler Friedensaktivist wird von Topterroristen entführt. Paul Janson, ein geläuterter Auftragskiller, soll ihn befreien und eine Verschwörung aufdecken, die den Weltfrieden gefährden könnte. Robert Ludlum erscheint in zweiunddreissig Sprachen in über fünfzig Ländern. Auch sein neuester Thriller bietet atemberaubende Spannung. Robert Ludlum erreichte mit seinen Romanen, die in mehr als 30 Sprachen übersetzt wurden, weltweit eine Auflage von über 280 Millionen Exemplaren. Robert Ludlum verstarb im März 2001. Die Romane aus seinem Nachlass erscheinen bei Heyne.;/MyLibrary/Images/Books/106.png
Ludlum, Robert;Die Bourne-Identität;Bourne (volume 1);;2011;Heyne;640;9783453435605;No;;;"Bourne is back! Jason Bourne ist ein Mensch ohne Vergangenheit und ohne Zukunft - gejagt von mächtigen Feinden; geliebt von einer schönen Frau, die nicht glauben kann, dass er wirklich das ist, was sich langsam herauskristallisiert: ein Berufsmörder Robert Ludlum erreichte mit seinen Romanen, die in mehr als 30 Sprachen übersetzt wurden, weltweit eine Auflage von über 280 Millionen Exemplaren. Robert Ludlum verstarb im März 2001. Die Romane aus seinem Nachlass erscheinen bei Heyne.";/MyLibrary/Images/Books/137.png
"Ludlum, Robert; Garrison, Paul";Die Janson-Option;;;09/11/2015;Heyne Verlag;;9783453436282;No;;;;/MyLibrary/Images/Books/92.png
Lukeman, Alex;Weisser Jade;Project (volume 1);;31/10/2016;Luzifer;;9783958351585;No;;;;/MyLibrary/Images/Books/155.png
Majonica, Rudolf;Das Geheimnis der Hieroglyphen: Die abenteuerliche Entschlüsselung der ägyptischen Schrift;;;2007;dtv;96;9783423712750;No;;;;/MyLibrary/Images/Books/30.png
"Martin, George R. R.; Cromwell, Mike; Miller, Mike; Avery, Ben";Der Heckenritter 02;;;15/04/2013;Panini Verlags GmbH;;9783862015375;No;;;;/MyLibrary/Images/Books/208.png
May, Karl;Winnetou;Winnetou (volume 1);;;T 7;318;380040077;No;;;;/MyLibrary/Images/Books/63.png
Michaels, David;Tom Clancy's Ghost Recon;;;04/11/2008;Panini Books;366;9783833220524;No;;;;/MyLibrary/Images/Books/28.png
"Modler, Florian; Kreh, Martin";Tutorium Analysis 1 und Lineare Algebra 1;;Lehrbuch, Mathematik;2013;Springer Spektrum;408;9783642373657;No;;;"Tutorium Analysis 1 und Lineare Algebra 1

Dieses Buch soll Ihnen als Mathematik- Erstsemester den Einstieg und Umstieg von
der Schulmathematik in die Hochschulmathematik erleichtern und Ihnen somit helfen, viele der üblichen Erstsemester- Fehler zu vermeiden. Denn aller Anfang ist
schwer und die Autoren wollen versuchen, Ihnen den Anfang so leicht wie möglich zu machen und Ihnen helfen, Schwierigkeiten zu überstehen, die im ersten Semester
ganz normal sind.

Das Buch ist anders als alle anderen, denn es wurde von Studenten geschrieben, die Ertahrung als Tutor, Übungsleiter und Korrektoren haben. Dadurch wissen die Autoren zum einen, welche Themen schwer verständlich sind und besonders ausführlich behandelt werden müssen und zum anderen kennen sie häufige Fehler und können auf diese hinweisen. In dem Buch gibt es einen mathematischen Teil, den
der Student fur Prüfungen beherrschen muss. Bei Fragen oder Problemen kann er dann in dem kommentierten Teil nachschauen und dort ausführliche Erklärungen,
Hilfen und Beispiele der Autoren finden. So verfügt der Leser über zweierlei: Einerseits über die mathematisch exakte Definition oder den mathematisch präzisen
Satz und Beweis und anderseits über Hilfen und Anschauungen, die ebenso wichtig sind, um den Stoft zu verstehen.

Das Buch ist in der 2. Auflage vollständig durchgesehen und u.a. um ein ""FAQ Mathe-Studium"" ergänzt; in der vorliegenden 3. Auflage ist es an verschiedenen
Stellen weiter ausgebaut worden. Unter www.mathestudium-tutor.de können Sie Fragen zum Buch stellen.";/MyLibrary/Images/Books/5.png
"Modler, Florian; Kreh, Martin";Tutorium Analysis 2 und Lineare Algebra 2;;Mathematik, Lehrbuch;04/12/2014;Springer Spektrum;392;9783642547126;No;;;"Nach dem großen Erfolg von ""Tutorium Analysis 1 und Lineare Algebra 1"" erscheint nun ein Fortsetzungsband der beiden Autoren, mit dem sie den Zweitsemestern und allen, die Analysis 2 und Lineare Algebra 2 oder verwandte Vorlesungen hören müssen, wieder unterstützend unter die Arme greifen. Das Konzept bleibt das Altbewährte: Es gibt wieder einen mathematischen Teil, in dem die Definitionen, Sätze und Beweise stehen, und einen erklärenden Teil, in dem die schwierigen Definitionen und Sätze auf gewohnte lockere und lustige Art und Weise mit vielen Beispielen und Abbildungen mit Leben gefüllt werden. Das Buch ist für die zweite Auflage vollständig durchgesehen und an etlichen Stellen geändert und weiter verbessert.";/MyLibrary/Images/Books/11.png
Munroe, Randall;What ?If?;;;2014;Xkcd;;9781848549562;No;;;"From ?the creator of the wildly popular webcomic xkcd, hilarious and informative answers to important questions you probably never thought to ask.

Millions of people visit xkcd.com each week to read Randall Munroe’s iconic webcomic. His stick-figure drawings about science, technology, language, and love have a large and passionate following.

Fans of xkcd ask Munroe a lot of strange questions. What if you tried to hit a baseball pitched at 90 percent the speed of light? How fast can you hit a speed bump while driving and live? If there was a robot apocalypse, how long would humanity last?

In pursuit of answers, Munroe runs computer simulations, pores over stacks of declassified military research memos, solves differential equations, and consults with nuclear reactor operators. His responses are masterpieces of clarity and hilarity, complemented by signature xkcd comics. They often predict the complete annihilation of humankind, or at least a really big explosion.

The book features new and never-before-answered questions, along with updated and expanded versions of the most popular answers from the xkcd website. What If? will be required reading for xkcd fans and anyone who loves to ponder the hypothetical.";/MyLibrary/Images/Books/36.png
Nadella, Satya;Hit Refresh: The Quest to rediscover Microsoft's Soul and imagine a better Future for Everyone;;;;William Collins;;9780008247690;No;;;;/MyLibrary/Images/Books/171.png
Niko, Daphne;Das Rätsel Salomons;Sarah Weston (volume 2);;2016;Luzifer;;9783958351561;No;;;;/MyLibrary/Images/Books/194.png
Niko, Daphne;Der zehnte Heilige;Sarah Weston (volume 1);;30/11/2015;Luzifer;400;9783958350656;No;;;;/MyLibrary/Images/Books/156.png
Nix, Garth;Das Imperium der Prinzen;;;02/2014;Bastei Lübbe;383;9783404207459;No;;;"10 Millionen Prinzen.
1 Thron.

Prinz des galaktischen Imperiums zu sein, sollte eigentlich ein Traumjob sein. Schließlich haben die Auserwählten die Chance, Imperator zu werden. Dummerweise gibt es ganze zehn Millionen Prinzen, die alle darauf aus sind, ihre Konkurrenten auszuschalten. Frei nach dem Motto: Nur ein toter Prinz
ist ein guter Prinz. Khemri hat von all dem keine Ahnung, bis er selbst zum Prinzen ernannt wird und ihm prompt Laserstrahlen um die Ohren zischen. Damit beginnen seine Probleme jedoch erst, denn kurz darauf wird er für den Imperialen
Geheimdienst rekrutiert ...";/MyLibrary/Images/Books/56.png
Oakley, Barbara A.;A Mind for Numbers - How to Excel at Math and Science;;Business &;2014;TarcherPerigree;316;9780399165245;No;;;An engineering professor who started out doing poorly in mathematical and technical subjects in school offers tools, tips and techniques to learning the creative and analytical thought processes that will lead to achievement in math and science. Original.;/MyLibrary/Images/Books/203.png
Orgel, T. S.;Das Erbe von Berun;Die Blausteinkriege (volume 1);;12/10/2015;Heyne Verlag;600;9783453316881;No;;;;/MyLibrary/Images/Books/82.png
P. Peterson, Philip;Transport;;;;;;9781500197667;No;;;;/MyLibrary/Images/Books/159.png
Paolini, Christopher;Das Erbe der Macht;Eragon (volume 4);;2011;Blanvalet;958;9783570138168;No;;;Das lang ersehnte, grandiose Finale der Eragon-Saga. Ein schrecklicher Krieg wütet in Alagaësia. Alle Völker haben sich zusammengeschlossen und ziehen in den Kampf gegen Galbatorix, den grausamen Herrscher des Imperiums. Eragon weiss, dass er und Sophia ihm irgendwann gegenüberstehen werden. (Verlagstext);/MyLibrary/Images/Books/50.png
Paolini, Christopher;Das Vermächtnis der Drachenreiter;Eragon (volume 1);;2005;Blanvalet;604;9783442362912;No;;;Der Bauernjunge Eragon findet einen blauen Stein und er ahnt nicht, was alles auf ihn zukommt. Dem Stein entschlüpft ein Drachenjunges und beschert Eragon ein Vermächtnis.;/MyLibrary/Images/Books/49.png
Paolini, Christopher;Der Auftrag des Ältesten;Eragon (volume 2);;2008;cbt;863;9783570304280;No;;;"Dunkelheit bricht herein...
Schwerter klirren aufeinander...
Das Böse regiert.

Geschunden, aber siegreich ist Eragon aus seiner ersten Schlacht gegen den mächtigen Tyrannen Galbatorix hervorgegangen. Er ist zum Helden vieler Elfen, Zwerge und
Varden geworden. Doch nicht alle sind ihm wohlgesinnt - die Kräuterfrau Angela hat einen Verräter prophezeit, der aus Eragons eigener Familie stammen soll ...";/MyLibrary/Images/Books/58.png
Paolini, Christopher;Die ?Weisheit des Feuers;Eragon (volume 3);;2008;Blanvalet;862;9783570128053;No;;;"Schlachten, ?große Abenteuer und ein Tod, der alles verändern wird …

Die Schlacht auf den brennenden Steppen haben die Rebellen gewonnen – und wieder brauen sich die dunklen Wolken des Krieges über Alagaësia zusammen. Galbatorix und seine Armee warten nur auf den geeigneten Zeitpunkt für einen Vergeltungsschlag. Varden, Elfen und Zwerge brauchen Eragons magische Fähigkeiten so dringend wie nie zuvor, aber der Drachenreiter hat den Schwur, den er seinem Cousin Roran gab, nicht vergessen: Im Helgrind, dem Unterschlupf der grausamen Ra’zac, wartet Rorans geliebte Katrina auf ihre Rettung. Ungeahnte Gefahren lauern dort, doch sie sind erst der Beginn einer abenteuerlichen Reise, die Eragon und seinen Drachen Saphira bis über die Grenzen des Königreichs führt.";/MyLibrary/Images/Books/51.png
Parsons, Paul;Wissenschaftliche Theorien in 30 Sekunden;;;02/04/2014;Librero;160;9789089983961;No;;;;/MyLibrary/Images/Books/32.png
Pehov, Alexey;Dunkler Orden;Chroniken der Seelenfänger (volume 2);;04/10/2016;Piper;;9783492703987;No;;;;/MyLibrary/Images/Books/174.png
Pehov, Alexey;Goldenes Feuer;Chroniken der Seelenfänger (volume 3);Fantasy;2017;Piper Verlag Gmbh;544;9783492703994;No;;;;/MyLibrary/Images/Books/0.png
"Pehov, Alexey; Pöhlmann, Christiane";Schattenwanderer;Die Chroniken von Siala (volume 1);Fantasy;16/04/2012;Piper;560;9783492268028;No;;;"DER MILLIONENBESTSELLER
AUS RUSSLAND!
Nach Jahrhunderten des Friedens ist der namenlose
Schrecken erwacht. Giganten, Oger und andere
unheilvolle Kreaturen der Öden Lande formieren sich
zu einer grausamen Armee. Erstmals unter dem
gemeinsamen schwarzen Banner. Erstmals vereint im
Sturm auf die Stadt Awendum. Nur der Meisterdieb
und Schattenwanderer Garrett kann sie noch aufhalten.
An der Seite einer Elfenprinzessin und der zehn
unerbittichsten Krieger des Königreichs zieht Garrett
in einen Kampf, der seine Welt verändern wird.";/MyLibrary/Images/Books/2.png
Pehov, Alexey;Schwarzer Dolch;Chroniken der Seelenfänger (volume 1);;02/05/2016;Piper;;9783492703963;No;;;;/MyLibrary/Images/Books/167.png
Peinkofer, Michael;Das dunkle Feuer;Zauberer (volume 3);Fantasy fiction, German;2010;Piper Verlag Gmbh;539;9783492701730;No;;;;/MyLibrary/Images/Books/108.png
Peinkofer, Michael;Die erste Schlacht;Zauberer (volume 2);;2010;Piper Verlag Gmbh;486;9783492701723;No;;;;/MyLibrary/Images/Books/109.png
Peinkofer, Michael;Die Zauberer;Zauberer (volume 1);;;Piper Verlag Gmbh;;9783492701716;No;;;;/MyLibrary/Images/Books/110.png
Peinkofer, Michael;Tote Helden;Die Legenden von Astray (volume 1);Fiction;20/03/2017;Piper Verlag GmbH;528;9783492703420;No;;;;/MyLibrary/Images/Books/105.png
"Peterson, Andrew; Zmyj, Peter";Todesspiel;Nathan McBride (volume 2);;14/10/2014;Amazon Crossing;368;9781477826911;No;;;;/MyLibrary/Images/Books/166.png
Poznanski, Ursula;Saeculum;;;2011;Loewe;492;9783785570289;No;;;Een groep studenten gaat naar een afgelegen plek in Oostenrijk voor een middeleeuws rollenspel. Er blijkt een vloek op de plek te rusten, waardoor alles al snel gruwelijk uit de hand loopt.;/MyLibrary/Images/Books/62.png
Pullman, Philip;Der goldene Kompass;;;2007;Carlsen Verlag GmbH;447;9783551357182;No;;;;/MyLibrary/Images/Books/228.png
"Reynolds, David West; Jenssen, Hans";Star Wars - die Risszeichnungen;;;2007;Lucas Books;151;9783802536076;No;;;;/MyLibrary/Images/Books/205.png
Richard;Mathe in 30 Sekunden: Mathematischen Theorien leicht verständlich gemacht;;;2015;Librero;160;9789089985941;No;;;;/MyLibrary/Images/Books/33.png
Riordan, Rick;Der Fluch des Titanen;Percy Jackson (volume 3);Juvenile Fiction;20/01/2010;Carlsen Verlag GmbH;368;9783551555540;No;;;Die Götter des Olymp befürchten das Schlimmste, denn die Titanen rüsten zum Krieg! Percy und seine Freunde müssen bis zur Wintersonnenwende die Göttin Artemis befreien, die in die Klauen der finsteren Mächte geraten ist. Dabei müssen sie gegen die gefährlichsten Monster der griechischen Mythologie antreten - und geraten selbst in tödliche Gefahr. Aber mit Percy haben die Titanen nicht gerechnet. Dabei weiß doch inzwischen jeder, dass er mit allen Wassern gewaschen ist - schließlich ist er der Sohn des Poseidon!;/MyLibrary/Images/Books/116.png
Riordan, Rick;Im Bann des Zyklopen;Percy Jackson (volume 2);;2010;Carlsen Verlag GmbH;;9783551554383;No;;;;/MyLibrary/Images/Books/115.png
Roberts, Aileen P.;Das Lied der Elfen;Weltenmagie (volume 3);;14/09/2015;Goldmann;;9783442481071;No;;;;/MyLibrary/Images/Books/226.png
Roberts, Aileen P.;Das vergessene Reich;Weltenmagie (volume 2);;16/03/2015;Goldmann;;9783442480456;No;;;;/MyLibrary/Images/Books/227.png
Roberts, Aileen P.;Der letzte Drache;Weltenmagie (volume 1);;15/09/2014;Goldmann;473;9783442480449;No;;;;/MyLibrary/Images/Books/225.png
Rollins, James;Das Auge Gottes;SIGMA-Force (volume 9);;17/10/2016;Blanvalet;;9783734103650;No;;;;/MyLibrary/Images/Books/180.png
Rowling, J. K.;Harry ?Potter and the Chamber of Secrets;;;1998;Bloomsbury;;9780747549604;No;;;"Harry ?Potter receives an ominous warning from a house-elf at Hogwarts School of Witchcraft and Wizardry: if he returns to the school at the end of the summer, terrible things will happen. But return Harry must. 

His second year begins with a new Defence Against the Dark Arts teacher, Quidditch training and the intensification of old rivalries. Then the warning starts to ring true, as mysterious words are daubed on a wall, students are attacked and Ron's sister, Ginny, disappears. And so the search for Salazar Slytherin's heir begins, with the mystery pointing Harry to a clandestine chamber and a deadly creature at its heart...";/MyLibrary/Images/Books/68.png
Ryan, Anthony;Das Erwachen des Feuers;Draconis Memoria (volume 1);;2017;Klett-Cotta Verlag;723;9783608949742;No;;;"Im riesigen Gebiet von Mandinorien
gilt Drachenblut als das wertvollste Gut. Rote, grüne, blaue und schwarze Drachen werden gejagt, um an ihr Blut zu kommen. Das daraus gewonnene Elixier verleiht
den wenigen Gesegneten übernatürliche Kräfte. Kaum jemand kennt die Wahrheit: Die Drachen werden immer weniger und schwächer. Sollten sie aussterben, wäre ein Krieg Mandinoriens mit dem benachbarten Corvantinischen Kaiserreich unausweichlich.";/MyLibrary/Images/Books/70.png
Ryan, Anthony;Das Lied des Blutes;;;19/03/2016;Hobbit Presse;775;9783608949711;No;;;;/MyLibrary/Images/Books/34.png
"Sakey, Marcus; Knechten, Olaf";Die Abnormen;Die Abnormen (volume 1);;29/04/2014;Edition M;508;9781477822630;No;;;;/MyLibrary/Images/Books/191.png
Sanderson, Brandon;Der Weg der Könige;Sturmlicht-Chroniken (volume 1);;12/2015;Heyne Verlag;896;9783453317109;No;;;;/MyLibrary/Images/Books/57.png
Sanderson, Brandon;The Way of Kings 1;Stormlight Archive (volume 1);Fantasy;2011;imusti;594;9780575097360;No;;;The brand new epic fantasy series from international bestseller Brandon Sanderson. According to mythology mankind used to live in The Tranquiline Halls. Heaven. But then the Voidbringers assaulted and captured heaven, casting out God and men. Men took root on Roshar, the world of storms. And the Voidbringers followed ... They came against man ten thousand times. To help them cope, the Almighty gave men powerful suits of armor and mystical weapons, known as Shardblades. Led by ten angelic Heralds and ten orders of knights known as Radiants, mankind finally won. Or so the legends say. Today, the only remnants of those supposed battles are the Shardblades, the possession of which makes a man nearly invincible on the battlefield. The entire world is at war with itself - and has been for centuries since the Radiants turned against mankind. Kings strive to win more Shardblades, each secretly wishing to be the one who will finally unite all of mankind under a single throne. On a world scoured down to the rock by terrifying hurricanes that blow through every few days is a young spearman, forced into the army of a Shardbearer, led to war against an enemy he doesn't understand and doesn't really want to fight. What happened deep in mankind's past? Why did the Radiants turn against mankind, and what happened to the magic they used to wield?;/MyLibrary/Images/Books/196.png
Sapkowski, Andrzej;Das Erbe der Elfen;Die Hexer-Saga (volume 1);;20/09/2019;Dtv;384;9783423262446;No;;;;/MyLibrary/Images/Books/118.png
Sapkowski, Andrzej;Der Schwalbenturm;Die Hexer-Saga (volume 4);;20/09/2019;Dtv;;9783423262460;No;;;;/MyLibrary/Images/Books/119.png
Sapkowski, Andrzej;Die ?Zeit der Verachtung;Die Hexer-Saga (volume 2);;1995;dtv;397;9783423262453;No;;;"Krieg ?kündigt sich an. Ein Konvent der Zauberer soll klären, wie sie sich in dem bevorstehenden Konflikt verhalten werden. Am Vorabend der Besprechungen sieht sich Geralt einem Dickicht undurchsichtiger Intrigen und Bündnisse gegenüber. Der geheimnisvolle Rience, sein alter Gegenspieler, verfolgt Ciri, die Prinzessin von Cintra, die unter Geralts Schutz steht. Es kommt zu einer blutigen Konfrontation. Ciri gelingt es zu fliehen, doch dann findet sie sich in einer entsetzlichen Wüste wieder. Ein verirrtes Einhorn ist ihr einziger Gefährte ...

Der zweite große Roman aus Andrzej Sapkowskis siebenbändiger Geralt-Saga.";/MyLibrary/Images/Books/20.png
Scalzi, John;Krieg der Klone;;;02/04/2007;Heyne;;9783453522671;No;;;;/MyLibrary/Images/Books/163.png
Schilddorfer, Gerd;Der Nostradamus-Coup;;;;Bastei Lübbe;;9783404174256;No;;;;/MyLibrary/Images/Books/154.png
Schröder, Rainer M.;Das Geheimnis des Kartenmachers;;;2005;Arena;428;9783401058412;No;;;Wir schreiben das Jahr 1490. Es ist das Zeitalter der großen Entdeckungen, der Schiffs-Expeditionen und Kap-Umseglungen. In dieser Zeit findet der 16-jährige Augsburger Caspar Sebald Anstellung bei dem Kupferstecher Bartholomäus Wolkenstein. Doch schon bald kommt Caspar bei seinem neuen Meister einiges rätselhaft vor. Wolkenstein lebt und arbeitet im Verborgenen, aber seine Werkstatt birgt ein großes ein gefährliches Geheimnis...;/MyLibrary/Images/Books/78.png
Schröder, Rainer M.;Die Medici-Chroniken: Hüter der Macht;;;2010;Arena;551;9783401063508;No;;;Politische Intrigen: Der bekannte Jugendbuchautor Rainer M. Schröder zeichnet mit seinem neuen epischen Werk ein packendes Bild über das Florenz des 15. Jahrhunderts und den Aufstieg der Familie Medici. Dabei werden die Machtkämpfe unter den angesehenen Familien sowie das Wirken von Cosimo hauptsächlich durch die beiden Protagonisten aus dem Volke, dem jungen Mann Sandro Fontana, der einen Mordanschlag auf Cosimo vereitelt hat, und der Sklavin Tessa beschrieben. Der an Ehre und Anstand glaubende junge Sandro Fontana steigt auf wundersame Weise im Familienunternehmen der Medici immer weiter auf, bis in den engsten Vertrautenkreis von Cosimo. Dabei lernt er dessen widersprüchlichen Charakter kennen, einerseits ist Cosimo der stets bescheidene Bankier, der grosszügig spendet und sich volksnah gibt, andererseits der kalt kalkulierende Politiker und Geschäftsmann. Dieses Bild von Cosimo hat der Autor, wie er im Nachwort sagt, bewusst gewählt, die historischen Fakten sind diesbezüglich widersprüchlich. Damit gelingt es ihm aber, die Lesenden ganz in den Bann dieser spannenden Epoche zu ziehen. Ab 13 Jahren, *****, Elisabeth Tschudi-Moser.;/MyLibrary/Images/Books/61.png
Schultz, Patricia;Thousand places to see before you die;;;2012;;1200;9783848001989;No;;;;/MyLibrary/Images/Books/71.png
Schwab, Gustav;Griechische Sagen;;;2004;Dtv;284;9783423703147;No;;;;/MyLibrary/Images/Books/158.png
Schwartz, Richard;Askir;;Fiction;12/2014;Piper Verlag Gmbh;1184;9783492703338;No;;;Erster Band einer Gesamtausgabe des Fantasy-Epos um den Krieger Havald und die Magierin Leandra.;/MyLibrary/Images/Books/131.png
Schwartz, Richard;Das Blut der Könige;Die Lytar Chronik (volume 3);Fiction;01/09/2016;Piper Verlag GmbH;512;9783492280532;No;;;;/MyLibrary/Images/Books/117.png
Schwartz, Richard;Das Erbe des Greifen;Die Lytar Chronik (volume 2);Fiction;01/06/2016;Piper Verlag Gmbh;680;9783492280525;No;;;;/MyLibrary/Images/Books/81.png
Schwartz, Richard;Die Krone von Lytar;Die Lytar Chronik (volume 1);Fiction;01/04/2016;Piper Verlag GmbH;680;9783492280518;No;;;;/MyLibrary/Images/Books/120.png
Shaw, Alex;Cold East;;;12/01/2016;Luzifer;352;9783958351165;No;;;"MI6 Agent Aidan Snow rettet in der Ukraine einen britischen Staatsangehörigen, der von russischen Aufständischen gefangen gehalten wird. In den Vereinigten Staaten wird ein Terroranschlag von einem Mann vereitelt, der gar nicht existiert. In Russland flüchtet ein tschetschenischer Terrorist aus dem sichersten Gefängnis des Landes. Und aus Afghanistan meldet ein Soldat der Roten Armee, der lange für tot gehalten wurde, eine erschreckende Botschaft: Al-Qaida soll im Besitz einer Atombombe des Typs RA-115A sein, welche unter dem Namen ""Kofferatombombe"" bekannt ist. Als die Zusammenhänge zwischen diesen Ereignissen deutlicher werden, sind MI6 und die CIA gezwungen, gemeinsam das weltweit erste Attentat des nuklearen Terrorismus zu verhindern. Aber wo ist die Waffe, und was ist das Ziel? Von London bis Langley, Virginia, von Afghanistan bis Tschetschenien und in den Kaukasus müssen die Nachrichtendienste in der ganzen Welt zusammenarbeiten, um die terroristische Bedrohung zu vereiteln. Die Uhr tickt. Und niemand weiß, wem er vertrauen kann. Aidan Snow steht vor seiner größten Herausforderung, und wenn er scheitert, werden Tausende mit ihrem Leben bezahlen. COLD EAST ist ein internationaler Thriller, perfekt für Fans von David Baldacci, Chris Ryan und Tom Clancy. --------------------------------------- ""Darf ich vorstellen? Aidan Snow, ein eiskalter Agent in einem brennend heißen Abenteuer. Niemand wird enttäuscht sein."" [Stephen Leather, Bestseller-Autor in den Charts der Sunday Times] ""Shaws Stil knistert von Seite zu Seite wie die Flamme an einer kurzen Lunte unmittelbar vor der Detonation. Fans von Clancy, McNab, Ryan und Leather werden Aidan Snow lieben."" [Matt Hilton, Autor der ""Joe Hunter""-Erfolgsthriller] ""... ein spannender, empfehlenswerter Thriller, der aktuell und realistisch daher kommt."" [Amazon Leser]";/MyLibrary/Images/Books/213.png
Shipton, Paul;Schwein gehabt, Zeus!;;;2006;FISCHER Taschenbuch;268;9783596806348;No;;;;/MyLibrary/Images/Books/176.png
Silva, Daniel;Der Auftraggeber;;;2003;Piper;478;9783492238878;No;;;Ein ehemaliger Mossad-Agent wird überredet, einen palästinensischen Attentäter zu jagen, der offensichtlich einen Anschlag gegen den Friedensprozess im Nahen Osten plant. - Packender Polit-Thriller.;/MyLibrary/Images/Books/69.png
Singh, Simon;Codes: Die Kunst der Verschlüsselung;;Enigma Chiffriermaschine;2004;;299;9783423621670;No;;;Navajo-Code? Caesar-Verschiebung? Schwarze Kammern? Lucifer-Verschlüsselung? Präparierte Eier? Nie gehört? Dann wird's Zeit, denn je häufiger unsere ganz privaten Daten in Computer-Netzen zirkulieren, desto erfindungsreicher werden die Menschen, um sie vor fremdem Zugriff zu schützen. Aber nicht erst im Zeitalter des Internets liefern sich Code-Erfinder und Code-Knacker erbitterte Kämpfe. Schon in der Antike wollte man Botschaften geheim halten. Die Mittel waren technisch unkomplizierter, aber nicht weniger originell. Simon Singh erzählt von der Kunst der Verschlüsselung von der Antike bis heute, so dass man bei der Lektüre Lust bekommt, eigene verschlüsselte Botschaften zu schicken.;/MyLibrary/Images/Books/27.png
Singh, Simon;Fermats letzter Satz;;Fermat's last theorem;1998;Carl Hanser;363;9783446193130;No;;;;/MyLibrary/Images/Books/22.png
Skovron, Jon;Empire of Storms - Pakt der Diebe;;;13/02/2017;Heyne;;9783453317857;No;;;;/MyLibrary/Images/Books/135.png
Stoll, Cliford;Kuckucksei. Die Jagd auf die deutschen Hacker, die das Pentagon knackten.;;;1997;FISCHER;;9783596102778;No;;;;/MyLibrary/Images/Books/38.png
Stone, Jeff;Die fünf Gefährten und der Schrei des Kranichs;Die Fünf Gefährten (volume 4);;2007;Loewe;248;9783785556177;No;;;Im Cangzhen-Kloster wurde Hok zusammen mit jungen Mönchen als einziges Mädchen zur Kung-Fu-Kämpferin ausgebildet. Nach einem Angriff auf das Kloster bewegt sie sich lautlos und schnell wie ein Kranich durch die Weiten Chinas, um die Spur der Feinde aufzunehmen ...;/MyLibrary/Images/Books/112.png
Stone, Jeff;Die fünf Gefährten und die List der Schlange;Die Fünf Gefährten (volume 3);;2006;Loewe;204;9783785556160;No;;;Der junge Seh und seine Mönchsbrüder versuchen weiterhin, die Zerstörung ihres Klosters zu rächen und finden dabei räuberische Unterstützer, zugleich erfahren sie immer mehr über ihre eigene Vergangenheit. Ab 10.;/MyLibrary/Images/Books/113.png
Stone, Jeff;Die fünf Gefährten und die Macht des Drachen;Die Fünf Gefährten (volume 5);;2008;Loewe Verlag GmbH;233;9783785556184;No;;;Aus Hass brannte Ying das Cangzhen-Kloster nieder. Als ihn der Kaiser verrät und einkerkert, wird er ausgerechnet von seiner Mitschwester Hok befreit. Um nicht alles zu verlieren, muss Ying herausfinden, wer seine Feinde sind. Ab 10.;/MyLibrary/Images/Books/114.png
Stroud, Jonathan;Das Amulett von Samarkand;Bartimäus (volume 1);;10/2008;cbt;540;9783570305881;No;;;;/MyLibrary/Images/Books/80.png
Stroud, Jonathan;Der Ring des Solomon;Bartimäus (volume 4);;2010;cbj;477;9783570139677;No;;;"Endlich geht das grandiose Fantasy-Abenteuer weiter: Bartimäus erzählt atemberaubend spannend, umwerfend komisch - und wie alles begann! ""Hier erzähle ich euch die Geschichte meiner Abenteuer und wahren Größe, bevor mich dieser widerliche kleine Magier namens Nathanael in seinen unsäglichen Bann schlug.|(S0 |(BEndlich hat das Warten für alle Fans der fantastischen Bartimäus-Trilogie ein Ende: Das heiß ersehnte Prequel zu den faszinierenden Abenteuern um den jungen Magier Nathanael und seinen unfreiwilligen Diener Bartimäus ist da! Und Bartimäus, der Dschinn aller Dschinns, darf seine ruhmreiche Vergangenheit präsentieren - die sogar seine späteren Heldentaten mit Nathanael beinahe in den Schatten stellt. Schließlich hat Bartimäus seinerzeit nur den Besten der Besten und Hochwohlgeborenen gedient: Mächtige Magier und wunderschöne Königinnen waren seine Gebieter - und mit dem berühmten König Salomon stand er sogar auf Du und Du ... Ein spektakuläres Feuerwerk an atemberaubender Spannung, unnachahmlichem Witz und mit einem unwiderstehlichen Helden!";/MyLibrary/Images/Books/198.png
Stumpf, David;Titan II - A History of a Cold War Missile Prigram;;History;2000;University of Arkansas Press;320;9781557286017;No;;;The Titan II ICBM (intercontinental ballistic missile) program was developed by the United States military to bolster the size, strength, and speed of the nation's strategic weapons arsenal in the 1950s and 1960s. Each missile carried a single warhead—the largest in U.S. inventory—used liquid fuel propellants, and was stored and launched from hardened underground silos. The missiles were deployed at basing facilities in Arkansas, Arizona, and Kansas and remained in active service for over twenty years. Since military deactivation in the early 1980s, the Titan II has served as a reliable satellite launch vehicle. This is the richly detailed story of the Titan II missile and the men and women who developed and operated the system. David K. Stumpf uses a wide range of sources, drawing upon interviews with and memoirs by engineers and airmen as well as recently declassified government documents and other public materials. Over 170 drawings and photographs, most of which have never been published, enhance the narrative. The three major accidents of the program are described in detail for the first time using authoritative sources. Titan II will be welcomed by librarians for its prodigious reference detail, by technology history professionals and laymen, and by the many civilian and Air Force personnel who were involved in the program—a deterrent weapons system that proved to be successful in defending America from nuclear attack.;/MyLibrary/Images/Books/183.png
Stöver, Hans Dieter;Das römische Weltwunder;;;1995;Dtv;284;9783423703857;No;;;;/MyLibrary/Images/Books/200.png
Suchanek, Andreas;Das Erwachen;Das Erbe der Macht - Schattenchronik (volume 1);;01/12/2016;Greenlight Press;;9783958342262;No;;;;/MyLibrary/Images/Books/99.png
Thaler, Richard;Misbehaving - Was uns die Verhaltensökonomik über unsere Entscheidungen verrät;;;05/2018;Siedler;512;9783827501202;No;;;;/MyLibrary/Images/Books/193.png
Thomas, Alex;Lux Domini;;;17/12/2012;Blanvalet;447;9783442379460;No;;;Ohne Verrat keine Kreuzigung - Ohne Kreuzigung keine Auferstehung - Ohne Auferstehung keine Erlösung ... Während Catherine Bell, eine rebellische Ordensfrau, in Rom einem Disziplinarverfahren entgegensieht, kommt ihr Mentor, Pater Darius, bei einem mysteriösen Unfall ums Leben. Kurz darauf nimmt sich der einflussreiche Kardinal Benelli das Leben. Doch zuvor enthüllt er Catherine, dass nur sie mit ihrer aussergewöhnlichen Gabe den Papst retten kann. Verwirrt wendet sie sich an ihren Jugendfreund Ben Hawlett, der als vatikanischer Agent arbeitet und ihr rät, sich ausgerechnet ihrem Erzfeind Kardinal Ciban, dem Chef der Glaubenskongregation, anzuvertrauen. Um das geistige Oberhaupt der katholischen Kirche beschützen zu können, wird Catherine in den päpstlichen Privathaushalt eingeschleust. Dort entdeckt sie ein unfassbares Geheimnis um den Papst und die kürzlich verstorbenen Geistlichen. Doch was hat Kardinal Ciban damit zu tun? Und was hat es mit dem mysteriösen Evangelium des Judas auf sich?;/MyLibrary/Images/Books/165.png
"Tolan, Metin; Stolze, Joachim";Geschüttelt, nicht Gerührt - James Bond und die Physik;;;2008;Piper;301;9783492050821;No;;;;/MyLibrary/Images/Books/197.png
Tolkien, J. R. R.;Das Silmarillion;;;2010;Klett-Cotta;547;9783608938197;No;;;ÄDas Silmarillionä erzählt von den Ereignissen des Ersten Zeitalters. Jener fernen Epoche von Mittelerde, auf welche die Helden des äHerrn der Ringeä immer wieder in Ehrfurcht zurückblicken. (Und manche von ihnen, wie Elrond und Galadriel, aber auch Sauron, haben sie miterlebt.) Es ist die Zeit der Elben, der Langlebigen, deren Liebe zu den Dingen so weit ins einzelne geht, dass sie allem Namen geben. Die Menschen (die Kränklichen, die Nachtfürchtigen, die Unbegreiflichen) kommen eben erst aus den Wildnissen des Ostens hervor. In dieser Welt, wo noch nicht alle Wege krumm sind, entwickelt sich auch die Erzählung in mächtigeren Bahnen, als wir es seither kennen. Melkor, der Meister des Verrats, raubt die Silmaril, in denen das Licht verschlossen liegt, das älter ist als Sonne und Mond. und Feanor und seine Söhne, um sie zurückzugewinnen, sagen ihm einen hoffnungslosen Krieg ohne Ende an. Ein Erdteil von Geschichten kommt in Bewegung, Geschichten, die in den Liedern der Elben besungen und hier im äSilmarillionä erzählt werden.;/MyLibrary/Images/Books/67.png
Tolkien, J. R. R.;Der Herr der Ringe;;;14/10/2015;Hobbit Presse;;9783608960891;No;;;;/MyLibrary/Images/Books/95.png
Tolkien, J. R. R.;Der Hobbit;;;01/09/2012;Hobbit Presse;;9783608939774;No;;;;/MyLibrary/Images/Books/173.png
Traviss, Karen;Star wars - Clone Wars;;;2009;Blanvalet;283;9783442266357;No;;;Der Aufbruch zu neuen fantastischen Welten! Im Kampf gegen die Separatisten ruht die Hoffnung der Republik auf dem jungen Jedi-Ritter Anakin Skywalker, seiner Padawan Ahsoka und Meister Obi-Wan Kenobi. Doch die Rebellen haben längst ein Netz aus Fallen und Intrigen gesponnen, um sie zu Fall zu bringen ... Karen Traviss war Korrespondentin aus dem Verteidigungsministerium und TV- und Zeitungsjournalistin. Ausserdem hat sie als Pressesprecherin der Polizei gearbeitet. Sie lebt in Devizes, England.;/MyLibrary/Images/Books/175.png
Troisi, Licia;Der Auftrag des Magiers;Die Drachenkämpferin (volume 2);;;Heyne;;9783453265349;No;;;;/MyLibrary/Images/Books/179.png
Troisi, Licia;Der Talisman der Macht;Die Drachenkämpferin (volume 3);Imaginary places;2007;Heyne;509;9783453265356;No;;;Book three in the trilogy which follows two friends as they each go their separate ways. Sennar seeks the lost and forbidden Submerged World in search of allies to help them repel the ever-advancing armies of the Tyrant while Nihal struggles with horror-filled nightmares and ruthless killing rages as she seeks to become a Knight of the Dragon.;/MyLibrary/Images/Books/169.png
Troisi, Licia;Im Land des Windes;Die Drachenkämpferin (volume 1);;;Heyne;;9783453530287;No;;;;/MyLibrary/Images/Books/164.png
"Turau, Volker; Weyer, Christoph";Algorithmische Graphentheorie;;Lehrbuch, Mathematik;2015;De Gruyter;401;9783110417272;No;;;"Jedes System, das aus diskreten Zuständen oder Objekten und Beziehungen zwischen diesen besteht, kann als Graph modelliert werden. Diese Darstellung ermöglicht den Einsatz graphentheoretischer Algorithmen. Das vorliegende Buch stellt die grundlegenden Algorithmen zur Lösung graphentheoretischer Problemstellungen anhand praktischer Beispiele aus der Informatik vor. Die Algorithmen sind in kompakter Form in einer programmiersprachennahen Notation dargestellt, die eine Übertragung in eine konkrete Implementierung leicht macht. Die praktische Relevanz der behandelten Algorithmen wird in vielen Anwendungen aus Gebieten wie Compilerbau, Künstlicher Intelligenz, Betriebssystemen, Computernetzwerken, Suchmaschinen, Analyse sozialer Netzwerke und Operations Research demonstriert. Elf Kapitel decken die wichtigsten Teilgebiete der Algorith
mischen Graphentheorie ab. Die vorliegende vierte, erweiterte und überarbeitete Auflage des Buches zeichnet sich unter anderem durch ein neues umfangreiches Kapitel über Entwurfsmethoden der Algorithmischen Graphentheorie aus. Das Buch enthält 280 Übungsaufgaben in verschiedenen Schwierigkeitsgrade, für das Bachelor- und das Masterstudium. Die ausführlichen Lösungen können kostenlos bezogen werden.";/MyLibrary/Images/Books/8.png
Ulfkotte, Udo;Gekaufte Journalisten;;;11/2014;Kopp Verlag;336;9783864451430;No;;;;/MyLibrary/Images/Books/122.png
Ullenboom, Christian;Java ist auch eine Insel 1;;Technik;26/05/2014;Galileo Press;1306;9783836228732;No;;;;/MyLibrary/Images/Books/19.png
Ullenboom, Christian;Java SE 8 Standard-Bibliothek;;Technik;27/06/2014;Galileo Press;1448;9783836228749;No;;;"Nebenläufigkeit, String-Verarbeitung, Datenstrukturen und Algorithmen, XML, RMI, JDBC, Reflection, JavaFX, Swing, Grafik- und Netzwerkprogrammierung; JNI, Sicherheit";/MyLibrary/Images/Books/18.png
Unkown;Lonely Planet Große Abenteuer;;;;;;9783829715430;No;;;;/MyLibrary/Images/Books/206.png
Unkown;Unterwegs in Norwegen;;;19/04/2018;Kunth GmbH & Co. KG;400;9783955045913;No;;;;/MyLibrary/Images/Books/184.png
Van Olmen, Peter;Odessa und die geheime Welt der Bücher;;;;Cecilie Dressler;;9783791515045;No;;;;/MyLibrary/Images/Books/224.png
Weber, David;Der vergessene Orden;Nimue Alban (volume 15);;13/04/2017;Lübbe;;9783404208500;No;;;;/MyLibrary/Images/Books/96.png
Weber, Edmund;Alexander der Große;;;2005;unipart;303;9783899964479;No;;;;/MyLibrary/Images/Books/201.png
Weber, Felix;Heute koche ich!;;;2009;Edition XXL GmbH;83;9783897360730;No;;;;/MyLibrary/Images/Books/185.png
Weeks, Brent;Am Rande der Schatten;Schatten (volume 2);;19/07/2010;Blanvalet;;9783442266296;No;;;;/MyLibrary/Images/Books/142.png
Weeks, Brent;Der Weg In Die Schatten;Schatten (volume 1);;2010;Blanvalet;703;9783442266289;No;;;"In den Schatten wirst du deine Seele verlieren!

Durzo Blint ist ein gefährlicher Mann, ein unübertroffen Meister in der Kunst des Tötens. Für den Gassenjungen Azoth ist der gefürchtete Attentäter allerdings die einzige Chance, am Leben zu bleiben - denn nur als Lehrling des Blutjungen kann Azoth dem sicheren Tod auf der Straße entkommen. Doch Durzo Blint ist in der Auswahl seiner Lehrlinge äußerst wählerisch - und es ist gut möglich, dass der Weg in die Schatten einen weit höheren Preis fordert, als Azoth es sich je vorstellen konnte...";/MyLibrary/Images/Books/41.png
Weeks, Brent;Die blendende Klinge;Licht-Saga (volume 2);;21/01/2013;Blanvalet;960;9783442268337;No;;;Sein Leben ist eine Lüge, seine Macht geraubt Gavin Guile stirbt. Der hoch geehrte Lord Prisma glaubte, er hätte noch fünf Jahre zu leben - doch jetzt bleibt ihm nicht mal mehr eines. Viel zu wenig Zeit, um auch nur seine drängendsten Probleme zu lösen: Denn die alten Götter werden wiedergeboren und setzen sich an die Spitze einer unbesiegbaren Armee, die Tausende von verängstigten Flüchtlingen vor sich hertreibt. Gavins einzige Chance, dem tödlichen Chaos Einhalt zu gebieten, könnte ausgerechnet sein Bruder sein - dessen Leben er vor sechzehn Jahren raubte ... Brent Weeks betrachtete das Schreiben fantastischer Geschichten schon immer als seine Berufung, inzwischen ist es auch sein Beruf geworden. Brent Weeks lebt mit seiner Frau in Oregon.;/MyLibrary/Images/Books/130.png
Weeks, Brent;Düsterer Ruhm;Licht-Saga (volume 5);;20/03/2017;Blanvalet;858;9783734161018;No;;;;/MyLibrary/Images/Books/235.png
Weeks, Brent;Jenseits der Schatten;Schatten (volume 3);;15/11/2010;Blanvalet;;9783442266302;No;;;;/MyLibrary/Images/Books/126.png
Weeks, Brent;Schattenblender;Licht-Saga (volume 4);;16/11/2015;Blanvalet;;9783734160387;No;;;;/MyLibrary/Images/Books/129.png
Weeks, Brent;Schwarzes Prisma;Licht-Saga (volume 1);;19/09/2011;Blanvalet;;9783442268160;No;;;;/MyLibrary/Images/Books/101.png
Weeks, Brent;Sphären der Macht;Licht-Saga (volume 3);;17/08/2015;Blanvalet;608;9783734160295;No;;;;/MyLibrary/Images/Books/233.png
"Weis, Margaret; Hickman, Tracy";Himmelsstürmer;Die vergessenen Reiche (volume 1);;;Bastei Lübbe;;9783404281985;No;;;;/MyLibrary/Images/Books/229.png
Weltner, Tobias;Scripting mit Windows PowerShell 2.0;;Technik;2010;Microsoft Press Deutschland;706;9783866456693;No;;;Ob ambitionierter Anwender oder Systemadministrator - der Wunsch, Verwaltungsaufgaben fur Server und Arbeitsstationen im Netzwerk zu automatisieren, wachst. Die Windows PowerShell 2.0 ist das leistungsfahige, integrierte Werkzeug, mit dem Sie diesen Wunsch in die Tat umsetzen konnen. Dieses Buch weist Ihnen dabei den Weg, auch wenn Sie noch keinerlei Erfahrung mit Skripts oder Programmierung haben. Die Kapitel dieses Einsteiger-Workshops bauen didaktisch aufeinander auf, dies bedeutet jedoch keineswegs, dass dieses Buch nur Einsteigerthemen abdeckt. Sie werden auf dem internationalen Markt kaum ein Buch finden, welches die PowerShell umfassender und tiefgreifender erklart. Schritt fur Schritt erlernen Sie Windows PowerShell 2.0 und finden jede Menge Anregungen zur Automatisierung von lastigen Routinearbeiten. Es werden alle wichtigen Praxisthemen aufgegriffen und Sie finden viele sofort einsetzbare Beispiele, die Ihnen zeigen, wie Sie die PowerShell effizient einsetzen konnen, um alltagliche Herausforderungen der Administration zu meistern.;/MyLibrary/Images/Books/9.png
